0000024,1,52,139
0000035,1,61,145
0000036,1,31,122
0000037,1,60,151
0000038,1,60,156
0000039,1,36,130
0000040,1,47,132
0000041,1,41,127
0000042,1,23,111
0000043,1,80,174
0000044,1,64,155
0000045,1,53,137
0000046,1,42,118
0000047,1,58,148
0000048,1,43,123
0000049,1,54,140
0000050,1,75,168
0000051,1,60,152
0000052,1,59,146
0000053,1,72,158
0000054,1,80,177
0000055,1,62,157
0000056,1,54,137
0000057,1,43,136
0000058,1,47,132
0000059,1,71,164
0000060,1,52,133
0000061,1,56,141
0000062,1,70,163
0000063,1,79,186
0000064,1,49,133
0000065,1,52,139
0000066,1,67,175
0000067,1,48,137
0000068,1,70,149
0000069,1,41,124
0000070,1,53,136
0000071,1,57,153
0000072,1,49,129
0000073,1,47,136
0000074,1,76,165
0000075,1,63,148
1000001,1,104,218
1000002,1,76,159
1000003,1,22,102
1000004,1,18,97
1000006,1,52,141
1000007,1,54,139
1000008,1,34,118
1000009,1,66,154
1000015,1,30,119
1000016,1,21,111
1000018,1,25,109
1000020,1,18,102
1000023,1,32,140
1000024,1,26,110
1000052,1,22,124
1000053,1,12,96
1000061,1,50,142
1000062,1,45,139
1000063,1,9,86
1000066,1,15,99
1000067,1,39,133
1000071,1,42,129
1000073,1,14,102
1000075,1,38,128
1000078,1,19,97
1000080,1,46,151
1000081,1,67,171
1000082,1,70,169
1000083,1,29,118
1000084,1,33,115
1000086,1,31,122
1000087,1,21,97
1000088,1,24,102
1000089,1,61,162
1000090,1,33,114
1000091,1,46,135
1000094,1,40,135
1000095,1,58,133
1000096,1,13,85
1000097,1,115,211
1000098,1,52,146
1000099,1,57,145
1000100,1,29,120
1000103,1,51,140
1000104,1,19,113
1000105,1,27,120
1000106,1,34,121
1000107,1,85,176
1000109,1,31,133
1000115,1,58,144
1000116,1,19,118
1000117,1,10,89
1000120,1,51,144
1000121,1,38,134
1000123,1,9,99
1000124,1,39,137
1000125,1,3,109
1000126,1,7,99
1000127,1,13,99
1000131,1,54,133
1000133,1,3,87
1000134,1,28,117
1000135,1,25,109
1000136,1,45,138
1000140,1,31,112
1000141,1,43,142
1000145,1,66,165
1000146,1,43,133
1000147,1,63,159
1000148,1,52,143
1000149,1,59,152
1000170,1,27,106
1000171,1,56,136
1000173,1,28,121
1000176,1,38,126
1000178,1,58,144
1000192,1,21,108
1000193,1,55,155
1000200,1,58,145
1000201,1,20,96
1000203,1,10,86
1000206,1,36,121
1000208,1,51,133
1000211,1,61,152
1000213,1,71,170
1000214,1,15,100
1000215,1,9,92
1000217,1,35,132
1000219,1,17,101
1000220,1,103,216
1000221,1,94,204
1000223,1,26,114
1000226,1,36,113
1000227,1,62,172
1000228,1,34,118
1000229,1,3,80
1000231,1,35,125
1000233,1,25,103
1000234,1,68,155
1000235,1,48,132
1000236,1,22,104
1000239,1,49,142
1000244,1,54,139
1000304,1,66,152
1000306,1,58,149
1000307,1,47,144
1000308,1,50,151
1000312,1,30,113
1000314,1,13,91
1000315,1,35,119
1000317,1,85,172
1000318,1,52,137
1000324,1,7,89
1000325,1,31,119
1000326,1,47,145
1000330,1,29,107
1000331,1,9,94
1000332,1,26,122
1000333,1,15,92
1000335,1,25,116
1000336,1,16,98
1000337,1,25,109
1000339,1,69,173
1000343,1,18,107
1000346,1,37,112
1000347,1,44,125
1000450,1,67,176
1000452,1,27,118
1000455,1,3,92
1000456,1,27,118
1000457,1,20,111
1000458,1,13,97
1000459,1,49,144
1000462,1,81,196
1000464,1,19,106
1000466,1,49,141
1000467,1,37,115
1000468,1,18,105
1000472,1,31,116
1000474,1,35,127
1000475,1,46,147
1000477,1,40,123
1000478,1,70,160
1000479,1,26,112
1000500,1,31,115
1000501,1,9,87
1000502,1,61,177
1000503,1,50,146
1000504,1,43,139
1000505,1,11,92
1000508,1,12,104
1000511,1,51,142
1000517,1,54,148
1000518,1,39,122
1000521,1,39,115
1000523,1,34,120
1000527,1,48,132
1000529,1,26,113
1000532,1,30,111
1000537,1,51,143
1000538,1,57,144
1000539,1,31,122
1000540,1,50,146
1000541,1,0,84
1000542,1,23,114
1000544,1,35,135
1000545,1,25,110
1000546,1,72,167
1000547,1,27,111
1000548,1,19,99
1000549,1,20,106
1000550,1,39,122
1000553,1,51,148
1000555,1,78,191
1000556,1,42,136
1000557,1,79,176
1000558,1,53,148
1000559,1,59,139
1000560,1,46,135
1000561,1,67,176
1000562,1,10,99
1000564,1,28,122
1000565,1,4,80
1000570,1,30,112
1000572,1,33,125
1000574,1,37,129
1000575,1,18,103
1000577,1,25,100
1000579,1,61,159
1000582,1,13,108
1000583,1,66,163
1000584,1,33,129
1000585,1,106,200
1000586,1,54,150
1000587,1,50,134
1000588,1,56,150
1000590,1,46,146
1000591,1,19,125
1000592,1,59,164
1000593,1,1,74
1000595,1,25,118
1000597,1,27,128
1000598,1,11,89
1000599,1,7,97
1000800,1,38,123
1000801,1,40,134
1000803,1,131,223
1000804,1,89,189
1000805,1,52,135
1000806,1,15,94
1000807,1,61,154
1000810,1,62,143
1000811,1,59,145
1000814,1,48,129
1000815,1,20,99
1000817,1,43,123
1000819,1,40,113
1000820,1,50,133
1000822,1,38,124
1000826,1,140,227
1000827,1,56,143
1000828,1,73,153
1000829,1,23,102
1000831,1,94,173
1000832,1,46,139
1000833,1,1,76
1000834,1,40,122
1000835,1,21,105
1000837,1,24,119
1000838,1,13,100
1000844,1,28,95
1000845,1,124,212
1000846,1,11,95
1000848,1,35,114
1000849,1,5,78
1000951,1,76,171
1000970,1,31,117
1000971,1,42,136
1000972,1,32,118
1000973,1,57,145
1000974,1,30,122
2000000,1,56,139
2000001,1,63,181
2000003,1,29,118
2000005,1,61,147
2000010,1,90,239
2000014,1,46,147
2000016,1,37,144
2000027,1,42,122
2000030,1,47,143
2000031,1,73,158
2000033,1,30,123
2000035,1,59,143
2000039,1,40,129
2000040,1,20,95
2000042,1,19,98
2000044,1,50,139
2000045,1,21,103
2000046,1,27,103
2000054,1,15,92
2000055,1,7,90
2000058,1,37,136
2000061,1,41,133
2000062,1,40,119
2000063,1,19,93
2000065,1,25,104
2000070,1,20,104
2000072,1,63,154
2000073,1,32,111
2000074,1,90,183
2000091,1,57,139
2000093,1,54,157
2000096,1,35,125
2000097,1,6,87
2000099,1,67,176
2000100,1,34,130
2000101,1,38,140
2000103,1,25,119
2000109,1,23,112
2000113,1,21,111
2000116,1,35,121
2000117,1,6,86
2000118,1,34,118
2000119,1,36,130
2000120,1,42,140
2000127,1,21,128
2000128,1,26,124
2000129,1,47,135
2000134,1,33,133
2000136,1,25,112
2000137,1,17,106
2000140,1,54,152
2000142,1,19,116
2000150,1,42,116
2000151,1,61,143
2000152,1,43,133
2000154,1,38,127
2000155,1,36,118
2000158,1,34,124
2000161,1,38,130
2000162,1,70,181
2000167,1,18,101
2000170,1,18,92
2000174,1,29,173
2000180,1,14,95
2000181,1,43,141
2000191,1,37,139
2000192,1,32,116
2000193,1,67,183
2000195,1,35,117
2000200,1,46,135
2000203,1,15,96
2000210,1,9,95
2000213,1,21,109
2000216,1,27,109
2000218,1,20,110
2000219,1,21,120
2000222,1,2,90
2000224,1,38,130
2000226,1,28,115
2000236,1,17,95
2000242,1,74,186
2000243,1,27,113
2000245,1,30,123
2000246,1,27,118
2000247,1,55,175
2000250,1,10,101
2000252,1,30,125
2000257,1,30,109
2000258,1,23,105
2000259,1,46,145
2000263,1,48,129
2000266,1,21,109
2000267,1,28,143
2000268,1,16,105
2000269,1,34,134
2000273,1,25,109
2000274,1,39,120
2000282,1,24,98
2000284,1,16,105
2000287,1,4,86
2000300,1,51,144
2000301,1,17,100
2000302,1,16,100
2000308,1,13,90
2000316,1,48,136
2000317,1,41,124
2000326,1,23,126
2000329,1,20,98
2000331,1,23,127
2000332,1,16,100
2000333,1,12,99
2000334,1,26,110
2000336,1,9,88
2000339,1,37,130
2000340,1,2,75
2000341,1,6,94
2000342,1,21,121
2000347,1,26,127
2000348,1,18,123
2000349,1,0,95
2000350,1,9,88
2000351,1,32,124
2000352,1,15,101
2000356,1,24,100
2000367,1,6,101
2000368,1,27,131
2000369,1,26,110
2000371,1,34,139
2000372,1,19,100
2000375,1,48,157
2000376,1,31,130
2000379,1,16,100
2000380,1,26,121
2000382,1,29,119
2000384,1,37,130
2000385,1,50,142
2000387,1,19,108
2000388,1,1,81
2000389,1,14,96
2000390,1,14,100
2000393,1,5,90
2000394,1,27,129
2000396,1,34,153
2000397,1,18,96
2000399,1,23,118
2000406,1,16,102
2000408,1,29,119
2000409,1,15,112
2000410,1,30,128
2000411,1,5,97
2000412,1,37,117
2000413,1,24,114
2000414,1,20,102
2000418,1,22,116
2000419,1,42,134
2000420,1,35,127
2000421,1,20,101
2000422,1,14,100
2000423,1,41,123
2000424,1,17,98
2000425,1,20,99
2000430,1,42,135
2000431,1,37,123
2000434,1,8,103
2000437,1,6,87
2000440,1,10,98
2000441,1,26,108
2000445,1,37,144
2000447,1,36,143
2000448,1,10,95
2000456,1,11,91
2000460,1,10,88
2000461,1,14,96
2000464,1,12,97
2000465,1,20,104
2000466,1,13,93
2000467,1,16,103
2000468,1,19,104
2000473,1,26,126
2000476,1,10,95
2000479,1,16,111
2000480,1,11,107
2000481,1,24,119
2000482,1,10,86
2000484,1,10,97
2000485,1,17,102
2000486,1,8,96
2000489,1,33,117
2000492,1,34,122
2000495,1,24,145
2000497,1,35,134
2000498,1,19,107
2000499,1,28,113
2000501,1,19,108
2000502,1,40,137
2000503,1,29,114
2000504,1,23,130
2000505,1,12,100
2000506,1,22,113
2000517,1,29,121
2000518,1,36,128
2000521,1,58,168
2000523,1,20,96
2000524,1,21,118
2000531,1,46,132
2000532,1,32,99
2000533,1,30,119
2000535,1,33,126
2000537,1,31,127
2000540,1,8,88
2000542,1,24,104
2000543,1,69,163
2000544,1,28,106
2000545,1,18,101
2000547,1,28,118
2000552,1,8,116
2000553,1,37,146
2000555,1,69,161
2000557,1,7,91
2000558,1,6,82
2000560,1,30,145
2000561,1,31,126
2000562,1,24,122
2000563,1,12,94
2000564,1,28,116
2000567,1,23,106
2000568,1,28,124
2000570,1,35,134
2000571,1,36,124
2000572,1,33,121
2000573,1,30,117
2000574,1,70,168
2000575,1,20,104
2000578,1,17,100
2000579,1,14,91
2000583,1,32,116
2000584,1,8,89
2000588,1,25,115
2000589,1,42,129
2000590,1,31,117
2000591,1,25,112
2000592,1,32,122
2000593,1,11,105
2000594,1,52,164
2000595,1,27,117
2000598,1,33,143
2000603,1,29,100
2000604,1,44,130
2000605,1,50,138
2000607,1,79,168
2000608,1,63,147
2000609,1,22,101
2000612,1,12,86
2000613,1,10,84
2000616,1,34,122
2000617,1,63,152
2000618,1,46,134
2000620,1,38,141
2000621,1,60,166
2000622,1,39,123
2000623,1,27,115
2000625,1,46,158
2000626,1,24,111
2000630,1,45,140
2000636,1,31,116
2000637,1,41,125
2000640,1,15,95
2000641,1,24,96
2000643,1,6,90
2000644,1,19,104
2000646,1,17,103
2000650,1,33,132
2000652,1,38,133
2000653,1,24,103
2000654,1,19,108
2000655,1,32,123
2000656,1,25,117
2000657,1,34,104
2000658,1,54,138
2000659,1,32,113
2000660,1,30,105
2000661,1,27,116
2000662,1,51,141
2000663,1,37,128
2000664,1,36,130
2000665,1,24,104
2000670,1,27,109
2000672,1,39,131
2000674,1,31,126
2000675,1,44,153
2000677,1,58,154
2000680,1,48,149
2000681,1,20,110
2000684,1,38,120
2000691,1,40,121
2000692,1,25,97
2000694,1,41,128
2000695,1,24,108
2000697,1,34,115
2000698,1,37,127
2000702,1,45,132
2000703,1,44,134
2000704,1,30,117
2000708,1,39,128
2000712,1,41,127
2000713,1,56,150
2000715,1,48,142
2000718,1,53,139
2000724,1,38,123
2000728,1,37,134
2000736,1,39,150
2000738,1,31,116
2000739,1,13,96
2000743,1,9,85
2000744,1,43,131
2000745,1,42,123
2000747,1,31,118
2000748,1,67,163
2000749,1,59,159
3000003,1,26,115
3000014,1,35,110
3000016,1,46,157
3000018,1,29,113
3000019,1,52,146
3000026,1,30,125
3000030,1,31,111
3000038,1,17,99
3000043,1,38,115
3000045,1,32,121
3000051,1,14,107
3000057,1,40,145
3000062,1,14,99
3000063,1,37,128
3000065,1,24,116
3000066,1,38,139
3000069,1,22,107
3000070,1,38,124
3000071,1,45,136
3000072,1,44,141
3000073,1,15,93
3000074,1,40,146
3000078,1,14,86
3000079,1,3,76
3000081,1,43,131
3000083,1,22,96
3000084,1,41,140
3000088,1,41,136
3000099,1,22,99
3000101,1,38,133
3000106,1,17,97
3000107,1,16,98
3000108,1,5,81
3000112,1,18,104
3000113,1,13,100
3000114,1,31,123
3000116,1,26,109
3000126,1,24,115
3000127,1,22,101
3000145,1,75,185
3000148,1,53,195
3000151,1,31,117
3000152,1,7,84
3000158,1,23,117
3000161,1,16,100
3000163,1,26,105
3000164,1,34,122
3000165,1,29,112
3000166,1,20,111
3000171,1,34,119
3000172,1,9,90
3000173,1,21,111
3000186,1,23,112
3000196,1,25,113
3000197,1,32,122
3000198,1,9,92
3000199,1,20,92
3000205,1,19,121
3000210,1,19,113
3000211,1,32,122
3000212,1,50,156
3000213,1,39,125
3000214,1,17,99
3000215,1,25,109
3000216,1,10,89
3000217,1,32,121
3000218,1,51,156
3000219,1,69,180
3000220,1,20,122
3000221,1,41,133
3000225,1,9,102
3000227,1,23,108
3000228,1,9,98
3000232,1,13,89
3000234,1,36,126
3000235,1,60,138
3000236,1,19,116
3000237,1,37,129
3000239,1,38,124
3000240,1,10,99
3000241,1,34,120
3000245,1,24,117
3000246,1,35,126
3000248,1,42,137
3000249,1,38,136
3000250,1,14,100
3000251,1,24,116
3000253,1,5,85
3000255,1,5,84
3000265,1,14,102
3000268,1,20,108
3000269,1,19,94
3000270,1,22,103
3000272,1,23,109
3000273,1,19,97
3000274,1,10,98
3000275,1,34,131
3000276,1,13,101
3000280,1,16,105
3000281,1,3,67
3000282,1,15,113
3000284,1,31,119
3000286,1,16,101
3000289,1,25,118
3000291,1,48,152
3000293,1,1,74
3000296,1,14,93
3000299,1,8,100
3000300,1,19,101
3000307,1,17,106
3000308,1,34,126
3000311,1,25,94
3000315,1,17,104
3000321,1,17,107
3000327,1,29,126
3000329,1,32,120
3000330,1,5,77
3000331,1,12,88
3000332,1,21,101
3000333,1,17,101
3000341,1,12,97
3000343,1,31,118
3000346,1,5,90
3000347,1,3,93
3000350,1,11,76
3000351,1,24,108
3000353,1,16,101
3000354,1,9,97
3000362,1,36,135
3000365,1,29,123
3000371,1,13,93
3000375,1,28,118
3000376,1,23,102
3000391,1,3,93
3000392,1,20,107
3000393,1,15,97
3000394,1,25,112
3000395,1,8,83
3000396,1,24,98
3000408,1,44,143
3000413,1,0,94
3000414,1,12,101
3000415,1,12,102
3000418,1,6,78
3000420,1,9,102
3000422,1,21,110
3000430,1,27,114
3000431,1,25,112
3000435,1,25,127
3000436,1,22,110
3000437,1,24,99
3000438,1,27,120
3000439,1,0,80
3000442,1,19,103
3000443,1,7,89
3000445,1,24,118
3000446,1,24,115
3000448,1,22,113
3000449,1,22,113
3000455,1,17,104
3000456,1,15,105
3000457,1,40,136
3000459,1,38,117
3000460,1,3,84
3000462,1,19,94
3000463,1,11,81
3000464,1,27,112
3000466,1,32,117
3000468,1,31,169
3000470,1,41,216
3000471,1,27,119
3000473,1,18,108
3000474,1,17,111
3000476,1,54,148
3000477,1,37,147
3000479,1,25,118
3000483,1,35,116
3000485,1,28,117
3000488,1,51,141
3000490,1,34,122
3000491,1,49,139
3000493,1,14,92
3000494,1,28,127
3000496,1,31,127
3000498,1,18,110
3000500,1,22,93
3000501,1,17,96
3000503,1,11,90
3000504,1,20,113
3000505,1,21,111
3000506,1,16,93
3000508,1,18,99
3000509,1,32,121
3000510,1,27,109
3000511,1,28,118
3000515,1,21,116
3000516,1,7,96
3000517,1,35,128
3000521,1,16,111
3000523,1,16,111
3000524,1,22,118
3000527,1,17,97
3000528,1,11,87
3000529,1,13,94
3000533,1,51,146
3000536,1,29,107
3000543,1,19,119
3000545,1,50,137
3000549,1,20,107
3000551,1,56,151
3000552,1,71,154
3000553,1,64,155
3000554,1,40,121
3000557,1,29,129
3000565,1,33,114
3000568,1,71,153
3000569,1,29,119
3000570,1,13,112
3000571,1,26,123
3000574,1,39,128
3000579,1,45,142
3000581,1,24,116
3000582,1,26,121
3000583,1,18,99
3000585,1,21,110
3000586,1,37,122
3000587,1,33,121
3000588,1,27,118
3000593,1,39,133
3000594,1,39,133
3000595,1,32,110
3000596,1,39,131
3000597,1,44,137
3000598,1,36,136
3000600,1,43,133
3000601,1,39,133
3000602,1,53,137
3000618,1,13,91
3000620,1,31,159
3000623,1,15,98
3000624,1,9,97
3000635,1,26,114
3000636,1,53,142
3000637,1,58,149
3000640,1,14,96
3000642,1,32,145
3000647,1,27,108
3000650,1,66,171
3000653,1,2,94
3000654,1,24,114
3000665,1,38,116
3000668,1,52,150
3000676,1,52,157
3000681,1,26,120
3000682,1,55,177
3000690,1,40,133
3000692,1,24,115
3000697,1,23,109
3000698,1,58,167
3000703,1,35,132
3000705,1,43,144
3000714,1,35,148
3000717,1,33,119
3000718,1,36,122
3000721,1,19,101
3000729,1,40,127
3000737,1,43,144
3000745,1,50,128
3000755,1,34,128
3000756,1,42,130
3000757,1,51,140
3000759,1,53,142
3000767,1,57,169
3000773,1,55,157
3000774,1,20,121
3000775,1,40,138
3000776,1,19,103
3000778,1,29,120
3000782,1,30,120
3000787,1,17,102
3000799,1,17,95
3000800,1,54,158
3000802,1,34,118
3000803,1,37,130
3000804,1,51,153
3000805,1,45,122
3000808,1,34,120
3000810,1,17,110
3000811,1,11,97
3000813,1,34,138
3000814,1,23,104
3000815,1,37,129
3000816,1,25,118
3000817,1,12,103
3000821,1,10,91
3000823,1,5,96
3000824,1,7,108
3000825,1,16,97
3000830,1,34,133
3000831,1,23,101
3000832,1,21,105
3000833,1,9,87
3000836,1,27,115
3000852,1,21,106
3000855,1,22,109
3000856,1,25,124
3000859,1,19,100
3000861,1,26,127
3000862,1,31,130
3000863,1,41,143
3000864,1,27,126
3000866,1,16,118
3000867,1,23,114
3000870,1,24,117
3000871,1,23,116
3000872,1,18,115
3000873,1,24,126
3000874,1,20,115
3000877,1,18,134
3000883,1,41,114
4000001,1,89,183
4000002,1,62,143
4000003,1,83,161
4000004,1,85,162
4000006,1,80,163
4000009,1,87,175
4000011,1,112,202
4000012,1,81,156
4000013,1,81,150
4000016,1,96,183
4000017,1,68,145
4000018,1,124,216
4000019,1,56,135
4000021,1,86,173
4000022,1,100,180
4000023,1,56,137
4000025,1,83,163
4000026,1,62,137
4000027,1,90,188
4000029,1,92,177
4000030,1,74,159
4000031,1,97,202
4000032,1,66,151
4000033,1,136,212
4000034,1,66,145
4000035,1,63,141
4000036,1,77,155
4000038,1,78,156
4000042,1,64,142
4000043,1,57,130
4000044,1,60,143
4000045,1,50,117
4000046,1,56,132
4000048,1,97,188
4000050,1,67,146
4000051,1,75,152
4000052,1,63,136
4000054,1,92,178
4000060,1,83,170
4000063,1,61,139
4000064,1,77,157
4000065,1,106,196
4000067,1,70,150
4000068,1,56,137
4000069,1,67,148
4000070,1,61,139
4000072,1,60,134
4000073,1,79,156
4000074,1,61,139
4000075,1,73,153
4000077,1,71,153
4000079,1,69,153
4000080,1,88,187
4000082,1,87,168
4000084,1,67,147
4000085,1,82,171
4000086,1,65,139
4000087,1,86,172
4000088,1,94,186
4000091,1,59,135
4000094,1,58,129
4000096,1,63,135
4000098,1,79,160
4000099,1,86,180
4000100,1,69,144
4000101,1,97,186
4000104,1,77,156
4000105,1,67,147
4000106,1,84,169
4000108,1,52,126
4000109,1,94,169
4000110,1,63,138
4000112,1,63,140
4000115,1,78,158
4000116,1,56,127
4000117,1,79,174
4000119,1,79,171
4000121,1,89,170
4000122,1,61,150
4000123,1,95,187
4000124,1,85,171
4000125,1,54,135
4000126,1,90,172
4000127,1,77,155
4000128,1,68,157
4000130,1,72,159
4000132,1,71,153
4000133,1,60,135
4000134,1,118,202
4000135,1,66,135
4000136,1,74,159
4000137,1,24,117
4000138,1,106,195
4000139,1,77,154
4000140,1,59,132
4000141,1,89,167
4000142,1,52,128
4000143,1,82,174
4000144,1,76,156
4000145,1,100,183
4000146,1,114,241
4000147,1,81,169
4000148,1,76,154
4000149,1,77,155
4000150,1,89,174
4000151,1,84,174
4000152,1,104,188
4000153,1,89,184
4000154,1,96,174
4000155,1,120,211
4000156,1,101,187
4000157,1,98,186
4000158,1,106,184
4000159,1,100,191
4000160,1,83,163
4000161,1,143,239
4000162,1,80,163
4000163,1,94,188
4000164,1,74,148
4000165,1,81,162
4000166,1,74,161
4000167,1,85,165
4000168,1,100,189
4000169,1,89,176
4000170,1,103,196
4000171,1,102,188
4000172,1,86,168
4000173,1,100,183
4000174,1,128,233
4000175,1,68,139
4000176,1,117,193
4000177,1,108,197
4000178,1,105,186
4000179,1,123,209
4000180,1,97,190
4000181,1,127,227
4000182,1,150,239
4000183,1,131,213
4000185,1,140,230
4000186,1,66,152
4000187,1,122,204
4000188,1,75,156
4000189,1,174,250
4000190,1,90,173
4000191,1,136,224
4000192,1,82,167
4000193,1,135,237
4000194,1,156,267
4000195,1,75,161
4000197,1,93,197
4000198,1,79,157
4000199,1,98,172
4000200,1,111,188
4000201,1,91,174
4000202,1,114,193
4000203,1,98,184
4000204,1,67,142
4000205,1,98,184
4000206,1,91,178
4000207,1,91,169
4000208,1,110,194
4000209,1,143,230
4000210,1,92,173
4000211,1,91,178
4000212,1,96,184
4000213,1,98,183
4000214,1,85,166
4000215,1,107,196
4000216,1,112,184
4000217,1,57,117
4000218,1,69,144
4000219,1,81,169
4000220,1,78,155
4000221,1,58,134
4000222,1,126,210
4000223,1,80,156
4000224,1,85,174
4000225,1,85,175
4000226,1,75,151
4000227,1,90,166
4000228,1,99,180
4000229,1,111,205
4000230,1,90,162
4000231,1,94,189
4000232,1,92,168
4000233,1,55,125
4000234,1,67,142
4000235,1,79,161
4000236,1,120,199
4000237,1,77,161
4000238,1,93,185
4000239,1,70,147
4000240,1,73,159
4000241,1,96,181
4000242,1,121,217
4000243,1,128,204
4000244,1,89,168
4000245,1,103,194
4000246,1,74,160
4000247,1,119,206
4000248,1,100,177
4000249,1,112,189
4000250,1,101,180
4000251,1,82,161
4000252,1,103,186
4000253,1,110,197
4000254,1,104,187
4000255,1,106,181
4000256,1,151,242
4000257,1,100,184
4000258,1,80,165
4000259,1,95,173
4000260,1,93,167
4000261,1,100,189
4000262,1,91,173
4000263,1,131,210
4000264,1,75,155
4000265,1,99,183
4000266,1,76,144
4000267,1,86,167
4000268,1,87,167
4000269,1,91,171
4000270,1,103,182
4000275,1,78,159
4000276,1,71,154
4000277,1,155,252
5000000,1,52,154
5000001,1,58,146
5000002,1,35,135
5000003,1,51,149
5000004,1,50,140
5000005,1,44,125
5000006,1,37,116
5000007,1,50,140
5000008,1,31,122
5000009,1,76,173
5000010,1,41,122
5000011,1,19,92
5000012,1,45,144
5000013,1,58,141
5000014,1,58,146
5000015,1,52,141
5000016,1,76,176
5000017,1,57,142
5000018,1,59,148
5000019,1,64,151
5000020,1,63,151
5000021,1,49,131
5000022,1,55,152
5000024,1,80,189
5000025,1,70,168
5000026,1,44,143
5000027,1,49,131
5000029,1,49,144
5000030,1,43,142
5000031,1,39,108
5000032,1,74,188
5000033,1,56,149
5000034,1,67,154
5000035,1,59,150
5000036,1,51,133
5000037,1,62,154
5000038,1,59,144
5000039,1,53,142
5000040,1,36,115
5000041,1,49,144
5000042,1,57,149
5000043,1,61,154
5000044,1,45,132
5000045,1,61,150
5000046,1,50,136
5000047,1,54,150
5000048,1,63,155
5000049,1,63,148
5000050,1,62,150
5000051,1,57,159
5000052,1,53,142
5000053,1,32,111
5000054,1,30,110
5000055,1,53,145
5000056,1,28,96
5000057,1,28,106
5000058,1,46,121
5000059,1,41,121
5000060,1,58,157
5000061,1,46,131
5000063,1,44,140
5000065,1,45,127
5000066,1,64,166
5000067,1,47,131
5000068,1,62,159
5000069,1,38,128
5000070,1,41,137
5000071,1,52,146
5000072,1,41,132
5000074,1,33,114
5000075,1,45,136
5000078,1,49,139
5000079,1,41,129
5000080,1,62,181
5000081,1,64,176
5000082,1,33,123
5000083,1,56,149
5000084,1,43,140
5000085,1,50,147
5000087,1,62,156
5000088,1,40,120
5000089,1,58,153
6000104,1,37,116
6000208,1,96,192
6000416,1,36,129
6000520,1,31,120
6000624,1,61,167
6001107,1,53,143
6001315,1,54,136
6001419,1,81,178
6001523,1,42,131
6001627,1,50,144
6001835,1,58,158
6001939,1,38,135
6002422,1,17,95
6002526,1,66,156
6002630,1,21,105
6002942,1,75,156
6003321,1,33,111
6003425,1,28,93
6003529,1,56,140
6004220,1,35,119
6004636,1,59,151
6004948,1,46,137
6005015,1,27,109
6005119,1,29,114
6005431,1,20,97
6005535,1,12,80
6005639,1,19,101
6005743,1,42,132
6005847,1,48,136
6005951,1,47,136
6006850,1,25,113
6006954,1,55,141
6007125,1,24,103
6007229,1,28,106
6007333,1,50,143
6007541,1,14,89
6007645,1,30,118
6007749,1,25,116
6008024,1,36,123
6008128,1,46,130
6008232,1,65,151
6008336,1,39,123
6008440,1,59,139
6008648,1,55,147
6008752,1,24,107
6008960,1,54,141
6009131,1,34,108
6009547,1,52,118
6009651,1,60,153
6009755,1,31,118
6009859,1,53,146
6010002,1,42,126
6010210,1,68,159
6010314,1,36,134
6010418,1,51,145
6010626,1,65,160
6010730,1,47,134
6010834,1,60,154
6010938,1,47,130
6011109,1,41,119
6011213,1,39,124
6011317,1,51,136
6011525,1,36,128
6011941,1,31,110
6012008,1,36,120
6012112,1,46,123
6012320,1,22,108
6012424,1,23,101
6012528,1,38,121
6012632,1,36,125
6012840,1,28,113
6013115,1,11,97
6013219,1,53,137
6013427,1,32,126
6013635,1,28,119
6013739,1,30,115
6013843,1,23,101
6013947,1,25,111
6014118,1,25,102
6014326,1,45,138
6014534,1,60,166
6014638,1,45,133
6014742,1,33,128
6014846,1,44,135
6014950,1,47,125
6015121,1,59,160
6015225,1,51,137
6015329,1,26,111
6015433,1,35,137
6015537,1,11,87
6015641,1,40,132
6015745,1,30,113
6015849,1,35,126
6015953,1,21,97
6016020,1,45,136
6016124,1,47,137
6016228,1,29,108
6016436,1,30,126
6016540,1,39,128
6016644,1,24,96
6016852,1,29,106
6016956,1,44,142
6017023,1,35,130
6017127,1,25,109
6017439,1,47,147
6017647,1,43,133
6017751,1,41,142
6017855,1,35,120
6017959,1,30,126
6018026,1,38,130
6018130,1,27,117
6018234,1,40,128
6018338,1,37,126
6018650,1,33,118
6018754,1,41,118
6018858,1,54,146
6018962,1,7,77
6019029,1,1,81
6019133,1,16,106
6019341,1,20,119
6019445,1,45,128
6019549,1,13,94
6019757,1,39,127
6019861,1,29,116
6019965,1,29,116
6020108,1,35,132
6020212,1,57,158
6020316,1,22,109
6020420,1,38,131
6020524,1,42,133
6020628,1,40,132
6020732,1,44,133
6020940,1,47,142
6021007,1,39,124
6021111,1,54,158
6021215,1,42,132
6021319,1,38,132
6021423,1,28,120
6021527,1,37,133
6021631,1,51,139
6021735,1,55,152
6021839,1,53,159
6021943,1,42,134
6022010,1,37,126
6022114,1,24,109
6022218,1,39,120
6022322,1,30,121
6022426,1,27,111
6022738,1,45,136
6022842,1,24,107
6022946,1,46,138
6023013,1,21,103
6023117,1,16,99
6023221,1,38,122
6023533,1,54,146
6023637,1,37,126
6023741,1,57,160
6023845,1,50,134
6023949,1,52,136
6024016,1,31,123
6024120,1,22,99
6024224,1,40,122
6024328,1,37,131
6024536,1,39,133
6024640,1,37,133
6024744,1,21,101
6024848,1,39,126
6024952,1,1,81
6025019,1,34,122
6025123,1,43,125
6025227,1,21,106
6025331,1,83,174
6050114,1,63,158
6050218,1,17,90
6050322,1,35,120
6050426,1,23,94
6050530,1,20,99
6050634,1,13,86
6050738,1,63,154
6051949,1,62,149
6052120,1,74,159
6052328,1,68,142
6052432,1,51,136
6052536,1,16,95
6053019,1,66,150
6053123,1,55,142
6053227,1,76,160
6053643,1,60,151
6053747,1,27,113
6053851,1,34,116
6053955,1,31,117
6054230,1,31,118
6054334,1,39,129
6054438,1,26,111
6054646,1,13,88
6054750,1,33,118
6054854,1,32,114
6055649,1,35,135
6055753,1,40,141
6055961,1,22,95
6056028,1,49,154
6056132,1,23,101
6056236,1,24,102
6056444,1,42,135
6056548,1,33,119
6056652,1,40,112
6056860,1,47,128
6057031,1,63,166
6057135,1,56,142
6057551,1,33,125
6057655,1,49,140
6057759,1,21,99
6058034,1,43,138
6058138,1,61,147
6058242,1,29,101
6058346,1,36,116
6058450,1,48,131
6058554,1,80,171
6058762,1,50,134
6058866,1,46,129
6059037,1,28,110
6059141,1,45,125
6059245,1,33,110
6059453,1,37,125
6059557,1,56,142
6059661,1,20,115
6059765,1,32,117
6060324,1,36,116
6060532,1,65,150
6060636,1,45,124
6060740,1,36,121
6060844,1,52,137
6061015,1,35,119
6061119,1,60,151
6061431,1,41,120
6061535,1,58,152
6062018,1,33,126
6062122,1,37,133
6062226,1,22,104
6062538,1,27,113
6062746,1,63,151
6062850,1,41,113
6062954,1,33,122
6063333,1,26,104
6063541,1,38,128
6063645,1,30,118
6063749,1,41,129
6063853,1,45,116
6063957,1,18,104
6064024,1,43,130
6064128,1,35,117
6064336,1,37,124
6064648,1,7,89
6064752,1,27,116
6064960,1,31,114
6065131,1,33,122
6065235,1,27,112
6065339,1,33,124
6065443,1,25,111
6065547,1,34,127
6065859,1,28,113
6065963,1,31,119
6066030,1,27,107
6066134,1,30,106
6066238,1,25,118
6066342,1,27,102
6066446,1,29,112
6066550,1,38,132
6066654,1,27,108
6066758,1,12,95
6066862,1,45,136
6066966,1,38,131
6067033,1,41,136
6067137,1,20,96
6067241,1,22,103
6067345,1,29,102
6067449,1,73,152
6067657,1,56,139
6067865,1,49,132
6068036,1,34,123
6068244,1,13,94
6068452,1,24,98
6068660,1,45,140
6068764,1,8,89
6068868,1,20,106
6069039,1,23,105
6069143,1,41,108
6069247,1,43,131
6069351,1,41,136
6069663,1,42,121
6069767,1,34,112
6069871,1,27,110
6069975,1,25,114
6070118,1,36,111
6070222,1,24,109
6070534,1,21,102
6070638,1,38,129
6070742,1,41,125
6070846,1,44,136
6070950,1,44,134
6071017,1,48,132
6071225,1,37,123
6071329,1,93,180
6071433,1,37,121
6071641,1,43,143
6071745,1,53,154
6071849,1,33,116
6071953,1,38,130
6072332,1,31,121
6072436,1,35,125
6072540,1,23,106
6072644,1,19,96
6073127,1,48,135
6073335,1,53,160
6073439,1,31,119
6073543,1,33,119
6073647,1,31,122
6073751,1,29,117
6074026,1,23,117
6074130,1,28,116
6074234,1,46,137
6074338,1,23,104
6074442,1,24,97
6074546,1,57,153
6100521,1,33,121
6100625,1,37,140
6100729,1,34,123
6100833,1,47,151
6101212,1,37,126
6101628,1,33,122
6101732,1,40,138
6101836,1,27,113
6101940,1,28,115
6102007,1,32,116
6102111,1,32,121
6102215,1,28,109
6102319,1,27,104
6102423,1,20,105
6102527,1,27,112
6102631,1,34,125
6102839,1,23,106
6103114,1,49,129
6103218,1,53,136
6103322,1,28,117
6103426,1,32,116
6103738,1,34,123
6104013,1,37,111
6104221,1,53,130
6104533,1,28,115
6104637,1,33,123
6104741,1,55,164
6104845,1,29,111
6104949,1,44,122
6105016,1,32,101
6105120,1,14,93
6105640,1,21,99
6105744,1,15,88
6105848,1,40,120
6105952,1,5,73
6106019,1,31,109
6106123,1,54,135
6106227,1,30,118
6106331,1,35,132
6106435,1,21,96
6106539,1,27,112
6106643,1,25,109
6106747,1,27,122
6107022,1,24,92
6107126,1,30,120
6107230,1,30,124
6107334,1,21,105
6107438,1,25,107
6107542,1,25,104
6107958,1,45,127
6108857,1,34,129
6108961,1,29,117
6109028,1,34,122
6109132,1,36,132
6109236,1,25,106
6109444,1,35,126
6110523,1,53,139
6110731,1,56,133
6110835,1,72,156
6110939,1,58,135
6111006,1,87,167
6111318,1,6,86
6111422,1,57,154
6111526,1,36,125
6111630,1,19,92
6111838,1,30,114
6111942,1,18,93
6112113,1,42,140
6112217,1,22,101
6112321,1,23,100
6112425,1,40,127
6112529,1,32,117
6112633,1,54,157
6112841,1,33,120
6113012,1,43,131
6113116,1,51,138
6113220,1,28,117
6113324,1,17,103
6113428,1,37,115
6113532,1,42,136
6113636,1,31,120
6113740,1,41,135
6114639,1,30,122
6114847,1,33,115
6114951,1,56,158
6115018,1,32,119
6115122,1,39,133
6115226,1,25,108
6115330,1,51,142
6115434,1,18,101
6115642,1,36,112
6115746,1,12,92
6116021,1,33,124
6116125,1,24,108
6116229,1,25,117
6116541,1,34,120
6116853,1,35,125
6116957,1,34,124
6117024,1,19,100
6117128,1,29,121
6117232,1,20,105
6117336,1,28,121
6117440,1,39,134
6117544,1,36,132
6117648,1,33,125
6117752,1,33,123
6117960,1,58,136
6118027,1,42,141
6118131,1,81,172
6118235,1,66,152
6118339,1,17,90
6118443,1,59,144
6118547,1,66,162
6118651,1,19,121
6118755,1,51,140
6119030,1,60,152
6119134,1,34,127
6119238,1,49,148
6119446,1,41,148
6119550,1,51,150
6119654,1,29,109
6119758,1,42,137
6119862,1,40,126
6119966,1,52,148
6120005,1,42,126
6120109,1,53,151
6120317,1,7,92
6120733,1,69,162
6120837,1,26,104
6120941,1,36,116
6121008,1,18,89
6121112,1,29,113
6121320,1,15,110
6121632,1,45,132
6121840,1,46,145
6121944,1,44,130
6122115,1,51,160
6122219,1,35,120
6122323,1,47,142
6122427,1,26,108
6122739,1,19,99
6122843,1,13,95
6122947,1,27,114
6123014,1,30,118
6123118,1,26,107
6123222,1,29,117
6123430,1,16,95
6123534,1,15,80
6123638,1,17,90
6123950,1,22,103
6124017,1,44,143
6124121,1,31,112
6124433,1,35,126
6124537,1,46,138
6124641,1,20,104
6124745,1,44,137
6124953,1,44,149
6125020,1,12,87
6125124,1,30,119
6125332,1,35,125
6125436,1,15,103
6125540,1,31,117
6125644,1,33,123
6125748,1,28,119
6125956,1,39,126
6126335,1,28,112
6126439,1,46,137
6126751,1,41,137
6126855,1,41,134
6126959,1,42,136
6127026,1,32,121
6127130,1,22,104
6127234,1,20,99
6127338,1,24,108
6127442,1,30,114
6127546,1,34,121
6127650,1,19,103
6127754,1,45,140
6127858,1,22,107
6127962,1,34,116
6128029,1,31,117
6128133,1,23,103
6128237,1,36,119
6128341,1,27,114
6128549,1,36,126
6128653,1,25,105
6128757,1,32,129
6128861,1,45,148
6128965,1,43,138
6129032,1,20,112
6129136,1,49,149
6129240,1,30,148
6129344,1,34,112
6129448,1,75,213
6129552,1,35,132
6129760,1,24,109
6130215,1,32,122
6130527,1,28,108
6130631,1,29,115
6130735,1,57,148
6130839,1,39,120
6130943,1,19,103
6131010,1,52,147
6131322,1,25,110
6131426,1,10,92
6131530,1,17,88
6131634,1,53,155
6132221,1,23,95
6132429,1,37,136
6132949,1,22,100
6133016,1,48,146
6133120,1,21,108
6133224,1,46,142
6133328,1,30,127
6133640,1,24,98
6133744,1,41,127
6133848,1,31,119
6133952,1,57,165
6134123,1,119,211
6134331,1,47,139
6134435,1,30,113
6134539,1,34,117
6134851,1,25,102
6134955,1,37,137
6135022,1,26,116
6135438,1,36,122
6135542,1,30,117
6135646,1,37,120
6135750,1,31,117
6135854,1,42,130
6135958,1,40,133
6136025,1,38,126
6136129,1,35,135
6136233,1,29,119
6136337,1,27,119
6136441,1,29,107
6136545,1,36,123
6136649,1,22,101
6136753,1,17,103
6136857,1,45,139
6137132,1,36,133
6137236,1,35,130
6137340,1,23,109
6137444,1,30,120
6137756,1,36,120
6137860,1,22,101
6137964,1,27,111
6138031,1,32,119
6138135,1,24,112
6138239,1,38,120
6138343,1,46,139
6138447,1,39,133
6138551,1,42,139
6138655,1,18,99
6138759,1,33,120
6138863,1,33,113
6138967,1,17,96
6139034,1,35,129
6139138,1,36,124
6139450,1,17,99
6139554,1,19,102
6139658,1,18,95
6139762,1,31,114
6139866,1,20,96
6139970,1,41,138
6140009,1,25,136
6150115,1,63,145
6150323,1,59,148
6150531,1,29,119
6150635,1,41,125
6150739,1,26,112
6151014,1,26,100
6151118,1,36,111
6151222,1,25,114
6151326,1,23,108
6151430,1,7,84
6151534,1,43,145
6151638,1,28,124
6151742,1,40,135
6151846,1,38,125
6152121,1,66,163
6152433,1,56,142
6152745,1,48,144
6152849,1,38,122
6153020,1,31,121
6153436,1,48,148
6153540,1,28,111
6153748,1,76,165
6153956,1,45,124
6154023,1,45,132
6154127,1,49,141
6154231,1,69,152
6154335,1,66,149
6154751,1,26,109
6154855,1,43,128
6154959,1,35,116
6155026,1,47,133
6155130,1,51,139
6155234,1,48,135
6155338,1,26,101
6155442,1,33,119
6155546,1,18,92
6155650,1,31,119
6155962,1,65,150
6156029,1,29,116
6156237,1,27,115
6156341,1,38,125
6156445,1,20,95
6156549,1,33,116
6156653,1,27,111
6156757,1,27,114
6157136,1,50,154
6157240,1,26,105
6157344,1,41,139
6157448,1,34,117
6157864,1,28,107
6157968,1,49,134
6158035,1,24,103
6158347,1,9,77
6158659,1,29,113
6158763,1,33,123
6158867,1,25,111
6158971,1,30,120
6159038,1,22,99
6159142,1,23,98
6159246,1,52,146
6159350,1,35,132
6159454,1,26,105
6159558,1,34,123
6159974,1,49,145
6160013,1,35,128
6160117,1,33,121
6160221,1,44,140
6160325,1,33,123
6160637,1,30,115
6160741,1,24,109
6161016,1,20,100
6161224,1,43,146
6161328,1,40,139
6161432,1,26,107
6161536,1,26,107
6161640,1,32,121
6161744,1,35,123
6161848,1,38,130
6161952,1,39,132
6162019,1,45,137
6162123,1,64,158
6162435,1,29,122
6162539,1,35,122
6162643,1,21,99
6163022,1,36,134
6163126,1,16,99
6163230,1,35,128
6163542,1,15,94
6163646,1,3,80
6163750,1,39,117
6163958,1,15,103
6164337,1,29,104
6164441,1,23,94
6164545,1,30,112
6164649,1,25,106
6164753,1,39,134
6164857,1,41,122
6164961,1,65,157
6165132,1,77,169
6165236,1,70,166
6165340,1,64,152
6165444,1,50,141
6165548,1,37,127
6165652,1,41,130
6165756,1,30,118
6165860,1,48,146
6165964,1,25,107
6166031,1,32,126
6166135,1,7,93
6166343,1,18,91
6166447,1,48,137
6166655,1,46,142
6166759,1,35,124
6166863,1,41,131
6166967,1,28,123
6167034,1,27,106
6167138,1,37,126
6167346,1,42,136
6167450,1,45,141
6167554,1,25,102
6167866,1,23,110
6167970,1,51,150
6168037,1,54,155
6168141,1,22,103
6168245,1,33,120
6168349,1,26,104
6168453,1,28,120
6168557,1,30,108
6168973,1,20,93
6169040,1,12,76
6169248,1,28,119
6169352,1,53,158
6169456,1,41,137
6169560,1,36,122
6169664,1,22,101
6169768,1,41,142
6170015,1,45,139
6170119,1,46,147
6170431,1,39,135
6170535,1,29,120
6170639,1,34,119
6170743,1,12,91
6170951,1,57,154
6171018,1,24,101
6171122,1,28,112
6171226,1,33,114
6171330,1,29,114
6171434,1,18,92
6171538,1,41,132
6171746,1,32,118
6171954,1,14,98
6172541,1,29,102
6172853,1,30,117
6172957,1,36,129
6173024,1,20,90
6173648,1,40,122
6173752,1,23,88
6173856,1,30,120
6173960,1,30,117
6174027,1,22,96
6174131,1,37,127
6174235,1,44,136
6174339,1,45,137
6174443,1,39,130
6174547,1,51,135
6174651,1,23,112
6174755,1,40,135
6175030,1,32,117
6175134,1,28,109
6175238,1,36,120
6175342,1,15,100
6175550,1,44,128
6175862,1,37,117
6175966,1,41,141
6176033,1,26,106
6176137,1,36,128
6176449,1,34,126
6176553,1,11,87
6176761,1,34,118
6176865,1,21,93
6176969,1,30,117
6177036,1,33,121
6177140,1,30,115
6177244,1,20,104
6177348,1,27,113
6177452,1,17,95
6177556,1,14,79
6177660,1,45,139
6178039,1,40,138
6178143,1,25,105
6178247,1,36,123
6178351,1,36,124
6178455,1,20,100
6178559,1,40,134
6178663,1,34,129
6178767,1,33,125
6178871,1,39,134
6178975,1,53,160
6179042,1,42,128
6179146,1,30,114
6179250,1,26,113
6179354,1,22,115
6179458,1,46,139
6179562,1,10,80
6179666,1,29,112
6179770,1,31,130
6200314,1,66,171
6200418,1,52,152
6200522,1,34,109
6200626,1,36,126
6200730,1,30,124
6201005,1,44,140
6201109,1,53,135
6201213,1,37,118
6201317,1,48,140
6201421,1,29,109
6201525,1,36,124
6201629,1,33,118
6201733,1,49,138
6201837,1,43,137
6202112,1,35,130
6202424,1,28,110
6202528,1,31,124
6203323,1,11,100
6203531,1,44,140
6203739,1,26,107
6203843,1,56,154
6204118,1,45,126
6204222,1,35,116
6204326,1,44,135
6204638,1,34,117
6204742,1,18,88
6204846,1,28,107
6204950,1,39,126
6205017,1,33,114
6205225,1,23,112
6205329,1,32,112
6205433,1,41,137
6205537,1,25,107
6205641,1,41,135
6205745,1,35,131
6205953,1,40,142
6206020,1,48,145
6206124,1,37,135
6206228,1,32,113
6206332,1,29,116
6206436,1,50,148
6206644,1,25,98
6206748,1,17,105
6207127,1,32,120
6207231,1,17,93
6207335,1,24,106
6207439,1,30,117
6207647,1,21,88
6207751,1,20,99
6207855,1,10,83
6208026,1,33,120
6208338,1,36,137
6208442,1,59,175
6208650,1,34,119
6208754,1,37,122
6208858,1,24,110
6208962,1,26,109
6209029,1,40,128
6209133,1,38,129
6209341,1,32,117
6209445,1,23,113
6209549,1,35,129
6209653,1,34,125
6209861,1,39,134
6209965,1,25,108
6210004,1,18,88
6210108,1,21,107
6210212,1,22,104
6210316,1,49,140
6210628,1,30,110
6210732,1,35,122
6210836,1,35,111
6210940,1,39,125
6211111,1,38,125
6211215,1,40,129
6211319,1,32,117
6211423,1,42,128
6212426,1,37,122
6212738,1,49,136
6212842,1,48,140
6212946,1,34,126
6213013,1,48,149
6213117,1,50,153
6213221,1,36,121
6213325,1,52,148
6213533,1,51,150
6213637,1,25,98
6213741,1,48,139
6213845,1,26,107
6213949,1,28,114
6214016,1,39,126
6214120,1,15,93
6214224,1,21,115
6214328,1,16,93
6214536,1,55,143
6214848,1,41,114
6214952,1,24,104
6215019,1,26,105
6215123,1,7,77
6215227,1,31,115
6215331,1,36,126
6215435,1,32,114
6215539,1,31,111
6215643,1,26,111
6215851,1,22,99
6215955,1,43,141
6216126,1,26,108
6216230,1,30,117
6216334,1,32,116
6216438,1,44,139
6216542,1,41,135
6216646,1,29,109
6216854,1,31,116
6217129,1,39,131
6217337,1,22,106
6217649,1,54,166
6217753,1,20,108
6217857,1,26,112
6217961,1,31,121
6218028,1,33,127
6218132,1,25,105
6218236,1,11,88
6218340,1,61,154
6218444,1,34,128
6218548,1,33,111
6218652,1,10,81
6218756,1,23,110
6218860,1,24,113
6218964,1,38,130
6219031,1,11,85
6219135,1,24,108
6219239,1,28,113
6219343,1,36,127
6219551,1,28,112
6219655,1,42,140
6219759,1,39,137
6219967,1,48,138
6220006,1,37,120
6220110,1,33,133
6220318,1,30,125
6220422,1,26,108
6220526,1,24,100
6220630,1,25,117
6220734,1,40,137
6220838,1,49,142
6221009,1,66,165
6221113,1,41,128
6221217,1,100,188
6221321,1,46,152
6221425,1,42,138
6221529,1,32,128
6221633,1,37,125
6221737,1,43,121
6221841,1,23,100
6221945,1,11,85
6222012,1,30,120
6222116,1,37,113
6222220,1,36,114
6222324,1,38,130
6222532,1,70,152
6222948,1,48,140
6223015,1,56,155
6223119,1,20,102
6223223,1,31,121
6223327,1,111,192
6223431,1,24,97
6223639,1,19,97
6223743,1,42,133
6223847,1,34,121
6223951,1,41,146
6224122,1,29,122
6224330,1,21,103
6224642,1,24,104
6224746,1,45,141
6224850,1,40,134
6224954,1,40,136
6225125,1,89,176
6225229,1,51,125
6225333,1,32,128
6225437,1,44,139
6225541,1,54,169
6225645,1,30,115
6225749,1,26,110
6225853,1,22,103
6226024,1,33,109
6226128,1,17,98
6226440,1,26,110
6226544,1,31,111
6226648,1,32,126
6226856,1,28,120
6226960,1,29,118
6227027,1,28,112
6227235,1,36,124
6227339,1,39,128
6227443,1,36,124
6227547,1,15,86
6250116,1,32,122
6250220,1,38,122
6250324,1,37,126
6250428,1,45,134
6250532,1,55,168
6250636,1,55,152
6250740,1,34,115
6250844,1,20,90
6250948,1,41,131
6251015,1,28,107
6251223,1,63,155
6251327,1,24,112
6251431,1,23,108
6251535,1,39,129
6251743,1,26,107
6251847,1,38,130
6251951,1,31,115
6252018,1,17,101
6252330,1,26,111
6252434,1,28,116
6252538,1,33,128
6252642,1,49,143
6252746,1,34,129
6254024,1,38,136
6254128,1,42,132
6254648,1,28,111
6254752,1,22,94
6254856,1,40,125
6254960,1,34,131
6255027,1,23,100
6255131,1,36,132
6255235,1,37,119
6255339,1,32,117
6255443,1,31,119
6255651,1,28,109
6255755,1,40,137
6255859,1,42,125
6255963,1,39,128
6256030,1,36,132
6256134,1,46,137
6256238,1,35,117
6256342,1,27,109
6256446,1,24,109
6256550,1,55,148
6256654,1,47,142
6256758,1,33,119
6256862,1,28,108
6256966,1,43,129
6257033,1,29,113
6257137,1,34,118
6257241,1,29,112
6257345,1,42,126
6257449,1,41,125
6257553,1,30,114
6257657,1,37,127
6257969,1,29,117
6258036,1,48,147
6258140,1,42,137
6258244,1,41,129
6258348,1,22,107
6258452,1,32,114
6258556,1,36,134
6258868,1,37,125
6259039,1,31,125
6259143,1,39,121
6259247,1,25,100
6259663,1,32,123
6259871,1,25,106
6259975,1,22,105
6260014,1,33,117
6260326,1,34,117
6260950,1,44,138
6261121,1,23,112
6261433,1,19,112
6261537,1,25,110
6261641,1,21,98
6261849,1,31,113
6262124,1,17,93
6262228,1,38,133
6262332,1,26,112
6262436,1,55,158
6262540,1,38,139
6263023,1,26,108
6263127,1,25,113
6263335,1,28,105
6263439,1,34,116
6263543,1,41,134
6263647,1,41,136
6263751,1,26,109
6263855,1,44,144
6263959,1,34,127
6264026,1,37,126
6264130,1,25,110
6264234,1,15,88
6264338,1,28,107
6264442,1,33,116
6264546,1,24,114
6264650,1,61,146
6264754,1,39,129
6265029,1,32,122
6265133,1,37,129
6265237,1,42,129
6265341,1,57,145
6265445,1,42,138
6265653,1,29,118
6266032,1,22,96
6266240,1,26,108
6266344,1,34,121
6266656,1,36,113
6266760,1,30,106
6266864,1,35,128
6266968,1,58,151
6267139,1,36,124
6267243,1,17,93
6267347,1,47,135
6267659,1,50,140
6267867,1,19,104
6267971,1,44,129
6268038,1,49,155
6268142,1,33,118
6268246,1,27,103
6268350,1,46,142
6268454,1,31,114
6268662,1,33,115
6268766,1,34,118
6268870,1,32,129
6268974,1,19,123
6269041,1,34,125
6269145,1,37,130
6269249,1,49,138
6269353,1,27,112
6269457,1,43,136
6269561,1,39,137
6269665,1,40,135
6269769,1,32,115
6269873,1,31,115
6269977,1,26,110
6270120,1,47,157
6270432,1,33,126
6270536,1,18,92
6270640,1,19,97
6270744,1,37,125
6270848,1,38,123
6270952,1,45,145
6271019,1,17,77
6271123,1,17,88
6271227,1,21,104
6271435,1,40,141
6271539,1,25,105
6271747,1,24,108
6271851,1,27,122
6272022,1,33,125
6272126,1,29,117
6272334,1,42,135
6272438,1,34,128
6272542,1,22,108
6272646,1,41,144
6272854,1,25,111
6273025,1,30,115
6273129,1,30,116
6273337,1,28,116
6273441,1,37,130
6273545,1,34,125
6273961,1,36,121
6274444,1,27,111
6274652,1,10,92
6274756,1,46,141
6274860,1,38,121
6274964,1,51,144
6275447,1,55,165
6275759,1,27,106
6275863,1,85,172
6275967,1,22,103
6276034,1,50,136
6276138,1,111,188
6276242,1,40,131
6276346,1,29,115
6276450,1,37,134
6276658,1,52,147
6276866,1,41,112
6276970,1,28,101
6277141,1,23,107
6277245,1,41,127
6277349,1,28,118
6277453,1,27,103
6277557,1,45,135
6277661,1,29,105
6277765,1,40,128
6277869,1,32,122
6277973,1,32,107
6278040,1,24,102
6300107,1,49,149
6300315,1,41,139
6300419,1,24,116
6300523,1,37,128
6300627,1,44,135
6300835,1,19,99
6300939,1,38,128
6301006,1,31,118
6301110,1,33,119
6301214,1,53,154
6301318,1,46,139
6301422,1,46,148
6301526,1,32,124
6301630,1,45,147
6301734,1,16,85
6302009,1,22,106
6302113,1,35,128
6302217,1,31,112
6302425,1,4,83
6302529,1,48,141
6302633,1,55,139
6302737,1,35,116
6302841,1,46,133
6302945,1,35,120
6303012,1,27,109
6303116,1,52,146
6303220,1,48,136
6303324,1,57,143
6303428,1,39,118
6303532,1,46,127
6303636,1,44,137
6303740,1,22,93
6303844,1,27,107
6303948,1,54,132
6304015,1,44,132
6304119,1,39,118
6304223,1,27,107
6304327,1,49,127
6304431,1,27,110
6304535,1,42,128
6304639,1,24,103
6304743,1,40,130
6304847,1,25,97
6304951,1,48,139
6305018,1,28,120
6305122,1,49,140
6305226,1,36,136
6305434,1,44,138
6305538,1,33,120
6305642,1,28,115
6305746,1,43,162
6305850,1,46,152
6305954,1,45,137
6306021,1,30,118
6306125,1,20,94
6306333,1,26,114
6306437,1,27,117
6306541,1,23,109
6306749,1,17,84
6307232,1,24,96
6307336,1,9,84
6307440,1,27,106
6307544,1,22,98
6307648,1,15,90
6307752,1,21,104
6307856,1,36,123
6307960,1,54,158
6308027,1,27,115
6308131,1,20,101
6308339,1,24,105
6308443,1,43,138
6308547,1,24,101
6308651,1,40,140
6308755,1,45,124
6308859,1,41,123
6308963,1,26,110
6309030,1,51,155
6309134,1,24,106
6309238,1,35,124
6309342,1,26,114
6309446,1,25,103
6309758,1,52,140
6309862,1,32,119
6309966,1,38,123
6310109,1,23,98
6310213,1,54,149
6310317,1,30,108
6310421,1,17,100
6310525,1,35,125
6310629,1,35,112
6310733,1,56,146
6310941,1,18,84
6311320,1,54,163
6311632,1,37,123
6311736,1,38,137
6311840,1,43,143
6311944,1,40,130
6312115,1,29,118
6312323,1,40,137
6312427,1,40,132
6312531,1,14,81
6312739,1,27,109
6312843,1,32,121
6312947,1,36,121
6313014,1,24,111
6313118,1,33,120
6313222,1,38,129
6313326,1,42,146
6313638,1,55,137
6313742,1,24,110
6313846,1,37,123
6313950,1,33,116
6314017,1,31,111
6314329,1,34,113
6314433,1,21,100
6314537,1,43,136
6314641,1,47,139
6314849,1,41,147
6314953,1,52,152
6315020,1,53,145
6315228,1,25,117
6315332,1,32,110
6315540,1,29,117
6316231,1,33,111
6316335,1,37,115
6316647,1,56,126
6317026,1,25,99
6317130,1,41,125
6317234,1,39,125
6317442,1,35,118
6317650,1,36,128
6317754,1,38,122
6317858,1,26,110
6317962,1,32,119
6318029,1,45,129
6318237,1,25,104
6318341,1,47,131
6318653,1,36,122
6318757,1,29,116
6318861,1,36,129
6318965,1,36,137
6319136,1,43,126
6319240,1,43,137
6319344,1,37,129
6319448,1,44,138
6319552,1,47,148
6319656,1,46,143
6319760,1,24,111
6319864,1,33,125
6319968,1,26,105
6320007,1,35,129
6320111,1,27,111
6320215,1,25,112
6320319,1,33,126
6320423,1,19,104
6320527,1,20,97
6320631,1,41,146
6320839,1,34,128
6320943,1,25,105
6321010,1,26,110
6321114,1,22,100
6321218,1,27,116
6321322,1,60,151
6321426,1,67,172
6321530,1,23,110
6321634,1,30,107
6321738,1,29,124
6322013,1,2,78
6322117,1,66,165
6322429,1,40,144
6322637,1,32,114
6322741,1,33,110
6322845,1,32,126
6322949,1,33,122
6323016,1,54,150
6323120,1,19,89
6323224,1,38,129
6323328,1,47,143
6323432,1,37,123
6323536,1,35,125
6323744,1,39,120
6323848,1,37,114
6323952,1,36,124
6324019,1,27,109
6324123,1,28,116
6324227,1,73,198
6324331,1,31,117
6324435,1,19,103
6324539,1,63,190
6324643,1,32,117
6324747,1,33,122
6324851,1,38,116
6324955,1,31,106
6325022,1,39,127
6325126,1,30,116
6325750,1,34,126
6325854,1,21,100
6325958,1,32,126
6350117,1,34,106
6350221,1,31,115
6350429,1,35,124
6350533,1,39,121
6350637,1,59,156
6350741,1,26,114
6350845,1,27,102
6351016,1,53,148
6351120,1,28,106
6351224,1,31,108
6351328,1,31,122
6351640,1,9,71
6351744,1,31,128
6351848,1,46,121
6352019,1,35,116
6352435,1,41,136
6352539,1,26,107
6352643,1,25,103
6353126,1,23,101
6353230,1,39,122
6353334,1,34,117
6353438,1,35,113
6353542,1,44,135
6353646,1,31,116
6353750,1,26,101
6353854,1,29,100
6353958,1,51,137
6354025,1,40,125
6354129,1,44,130
6354233,1,24,107
6354337,1,35,120
6354441,1,35,117
6354545,1,41,131
6354649,1,36,123
6354753,1,68,153
6354857,1,38,137
6354961,1,42,138
6355028,1,42,136
6355132,1,20,98
6355548,1,33,122
6355652,1,28,116
6355756,1,34,121
6355964,1,65,175
6356135,1,51,161
6356239,1,41,137
6356343,1,33,122
6356447,1,47,142
6356655,1,27,116
6356759,1,19,98
6356967,1,15,90
6357034,1,31,119
6357138,1,29,118
6357242,1,28,120
6357346,1,28,117
6357450,1,37,134
6357554,1,46,143
6357658,1,39,143
6357762,1,25,110
6357866,1,19,100
6357970,1,19,97
6358037,1,27,113
6358349,1,30,111
6358557,1,25,116
6358765,1,57,150
6358869,1,47,140
6358973,1,33,121
6359040,1,46,129
6359144,1,21,92
6359248,1,29,117
6360119,1,15,90
6360327,1,46,141
6360431,1,26,104
6360535,1,25,110
6360639,1,34,126
6360743,1,48,135
6360847,1,28,110
6360951,1,32,122
6361018,1,30,107
6361122,1,18,92
6361226,1,42,130
6361330,1,50,140
6361434,1,40,134
6361538,1,96,212
6361746,1,52,148
6361850,1,25,96
6361954,1,71,164
6362021,1,48,139
6362125,1,26,107
6362229,1,33,116
6362333,1,57,150
6362437,1,27,108
6362541,1,69,181
6362645,1,23,86
6362749,1,29,104
6362853,1,48,138
6363024,1,50,139
6363128,1,33,121
6363544,1,44,134
6363648,1,50,144
6363752,1,31,115
6363856,1,34,129
6363960,1,19,94
6364027,1,28,114
6364131,1,33,123
6364235,1,30,114
6364547,1,30,117
6364755,1,34,119
6364859,1,34,129
6364963,1,32,109
6365030,1,59,147
6365134,1,32,122
6365238,1,37,123
6365342,1,42,134
6365446,1,16,88
6365550,1,32,121
6365758,1,47,150
6365862,1,36,121
6365966,1,32,121
6366033,1,44,136
6366137,1,42,133
6366241,1,36,129
6366345,1,40,138
6366449,1,27,109
6366657,1,39,136
6366865,1,20,90
6366969,1,21,101
6367036,1,35,129
6367140,1,35,128
6367244,1,37,122
6367452,1,35,120
6367556,1,38,130
6367660,1,24,108
6367764,1,31,126
6367868,1,50,153
6367972,1,43,141
6368039,1,15,80
6368455,1,36,140
6368559,1,48,140
6368663,1,58,158
6368767,1,17,88
6368871,1,30,111
6368975,1,64,141
6369042,1,42,122
6369146,1,23,92
6369250,1,67,196
6369354,1,43,137
6369770,1,43,132
6369874,1,36,121
6369978,1,37,116
6370017,1,45,127
6370121,1,33,131
6370225,1,35,120
6370329,1,36,126
6370433,1,39,126
6370537,1,64,174
6370641,1,48,139
6370953,1,34,114
6371020,1,42,127
6371124,1,42,132
6371228,1,41,115
6371332,1,24,102
6371436,1,38,136
6371540,1,20,100
6371644,1,28,120
6371748,1,25,111
6371852,1,22,105
6371956,1,31,136
6372023,1,40,137
6372231,1,27,107
6372335,1,48,147
6372439,1,31,124
6372543,1,34,129
6372855,1,52,163
6372959,1,28,111
6373026,1,29,118
6373130,1,35,125
6373338,1,29,103
6373442,1,16,91
6373546,1,25,111
6373650,1,28,111
6373754,1,39,129
6373962,1,23,108
6374029,1,26,105
6400108,1,35,131
6400628,1,34,117
6400732,1,14,86
6400836,1,30,112
6400940,1,47,129
6401111,1,33,127
6401215,1,28,114
6401319,1,56,170
6401423,1,35,130
6401527,1,27,110
6401631,1,37,114
6401943,1,15,97
6402010,1,36,122
6402322,1,39,129
6402426,1,53,156
6402530,1,32,122
6402634,1,32,118
6402738,1,41,141
6402842,1,27,112
6402946,1,63,146
6403013,1,38,119
6403117,1,45,129
6403221,1,45,141
6403325,1,45,144
6403429,1,36,121
6403533,1,32,123
6403637,1,38,116
6403741,1,35,119
6403845,1,36,128
6403949,1,36,127
6404016,1,39,116
6404120,1,31,116
6404224,1,26,112
6404328,1,27,122
6404432,1,26,110
6404640,1,43,135
6404952,1,44,134
6405019,1,26,111
6405123,1,41,126
6405227,1,32,119
6405331,1,27,117
6405435,1,41,122
6405539,1,23,106
6405643,1,41,138
6405747,1,33,119
6405851,1,38,125
6405955,1,42,132
6406022,1,33,123
6406126,1,38,128
6406230,1,15,100
6406334,1,26,120
6406438,1,31,118
6406542,1,42,125
6406646,1,20,93
6406750,1,25,103
6407025,1,32,128
6407129,1,56,171
6407337,1,42,141
6407441,1,40,135
6407545,1,33,116
6408028,1,32,105
6408132,1,25,109
6408236,1,19,98
6408340,1,23,103
6408444,1,31,121
6408756,1,27,113
6408860,1,36,134
6408964,1,31,121
6409135,1,24,109
6409239,1,47,146
6409343,1,41,138
6409447,1,16,91
6409551,1,35,119
6409863,1,25,106
6409967,1,42,138
6410006,1,44,146
6410422,1,37,125
6410526,1,28,119
6410630,1,43,141
6410734,1,37,123
6411009,1,16,95
6411113,1,18,90
6411217,1,34,115
6411321,1,27,117
6411425,1,13,81
6411529,1,31,114
6412012,1,38,141
6412116,1,33,122
6412220,1,8,90
6412324,1,39,133
6412428,1,57,153
6412532,1,60,149
6412844,1,27,109
6412948,1,51,139
6413015,1,19,98
6413119,1,39,120
6413223,1,27,106
6413327,1,35,125
6413431,1,37,130
6413535,1,32,115
6413639,1,14,87
6413743,1,33,119
6413847,1,47,144
6413951,1,34,118
6414018,1,37,132
6414122,1,43,131
6414226,1,48,158
6414330,1,31,118
6414538,1,25,99
6414642,1,61,155
6414746,1,39,140
6414850,1,37,128
6414954,1,37,133
6415125,1,31,123
6415229,1,32,125
6415541,1,21,102
6415645,1,27,110
6415853,1,29,116
6415957,1,34,122
6416024,1,48,153
6416128,1,38,120
6416232,1,29,118
6416336,1,16,104
6416544,1,17,96
6416648,1,21,104
6416752,1,33,115
6416856,1,14,87
6416960,1,30,110
6417131,1,35,128
6417235,1,31,120
6417339,1,27,112
6417547,1,30,122
6417651,1,23,101
6417755,1,49,145
6417859,1,28,116
6417963,1,31,114
6418030,1,19,107
6418134,1,33,121
6418238,1,41,140
6418342,1,31,118
6418446,1,31,113
6418550,1,26,105
6418654,1,12,82
6418758,1,53,146
6418862,1,29,119
6418966,1,35,126
6419033,1,31,115
6419137,1,22,113
6419241,1,29,120
6419345,1,29,125
6419449,1,29,114
6419553,1,11,95
6419657,1,37,128
6419761,1,40,137
6419865,1,25,122
6419969,1,31,113
6420008,1,35,120
6420112,1,44,129
6420216,1,35,128
6420424,1,37,124
6420528,1,34,123
6420632,1,45,135
6420736,1,50,132
6420840,1,50,156
6420944,1,34,120
6421011,1,28,110
6421115,1,48,144
6421635,1,37,118
6421739,1,18,106
6421843,1,44,137
6421947,1,29,115
6422014,1,49,143
6422118,1,28,113
6422222,1,22,96
6422430,1,15,89
6422534,1,39,129
6422638,1,46,145
6422742,1,26,109
6450118,1,46,136
6450222,1,35,117
6450326,1,36,125
6450430,1,39,122
6450534,1,36,112
6450638,1,34,109
6450846,1,48,147
6450950,1,28,106
6451017,1,39,144
6451121,1,24,112
6451225,1,28,115
6451433,1,39,126
6451537,1,40,125
6451953,1,32,111
6452020,1,28,115
6452124,1,32,120
6452228,1,25,102
6452332,1,42,128
6452436,1,68,160
6452540,1,45,142
6452748,1,27,101
6452956,1,29,114
6453023,1,47,144
6453127,1,25,109
6453231,1,24,109
6453335,1,16,98
6453439,1,35,128
6453543,1,56,157
6453647,1,27,113
6453751,1,36,122
6453855,1,37,131
6454026,1,30,111
6454130,1,6,66
6454234,1,15,85
6454338,1,9,71
6454442,1,21,103
6454546,1,27,112
6454650,1,33,119
6454754,1,19,95
6454858,1,51,153
6454962,1,23,102
6455029,1,18,98
6455133,1,30,109
6455237,1,40,128
6455341,1,13,97
6455445,1,33,124
6455549,1,26,113
6455653,1,21,107
6455757,1,36,130
6455861,1,42,132
6455965,1,49,152
6456032,1,43,127
6456136,1,36,134
6456240,1,8,99
6456344,1,65,198
6456448,1,26,107
6456552,1,41,139
6456656,1,44,136
6456760,1,47,136
6456968,1,38,124
6457139,1,24,106
6457243,1,48,148
6457347,1,38,130
6457659,1,24,98
6457763,1,36,108
6457867,1,48,142
6457971,1,31,127
6458246,1,31,116
6458454,1,25,110
6458558,1,33,122
6458662,1,26,113
6458766,1,31,120
6458870,1,41,127
6458974,1,22,109
6459041,1,24,103
6459249,1,24,114
6459353,1,20,109
6459457,1,20,95
6459561,1,27,125
6459665,1,29,122
6459873,1,33,131
6460120,1,34,123
6460224,1,50,141
6460328,1,35,120
6460432,1,44,120
6460848,1,36,117
6460952,1,42,130
6461019,1,51,139
6461123,1,25,126
6461227,1,58,153
6461331,1,48,140
6461435,1,40,133
6461539,1,33,113
6461851,1,25,109
6461955,1,48,141
6462022,1,16,90
6462126,1,32,110
6462230,1,39,123
6462334,1,41,133
6462438,1,48,150
6462542,1,28,118
6462750,1,53,149
6462854,1,41,137
6462958,1,34,116
6463025,1,33,121
6463129,1,32,114
6463233,1,18,96
6463337,1,35,125
6463441,1,29,114
6463545,1,31,115
6463649,1,43,126
6463753,1,28,114
6463857,1,28,110
6463961,1,29,116
6464028,1,35,117
6464236,1,12,96
6464548,1,30,120
6464652,1,26,113
6464860,1,29,119
6465031,1,24,103
6465135,1,45,137
6465239,1,34,125
6465343,1,42,138
6465551,1,34,126
6465655,1,24,110
6465863,1,28,113
6466138,1,38,136
6466242,1,5,80
6466346,1,16,95
6466450,1,14,87
6466658,1,51,151
6466762,1,33,123
6466866,1,43,141
6466970,1,40,135
6467141,1,13,97
6467245,1,21,110
6467349,1,47,141
6467557,1,115,201
6467661,1,71,161
6467765,1,52,132
6467869,1,57,144
6467973,1,58,156
6468040,1,42,131
6468144,1,45,138
6468248,1,46,127
6468352,1,47,135
6468456,1,49,135
6468560,1,20,98
6468768,1,45,128
6468872,1,26,106
6468976,1,31,120
6469043,1,21,101
6469251,1,28,108
6469355,1,21,102
6469459,1,41,122
6469667,1,42,137
6469771,1,29,115
6469875,1,39,130
6470122,1,35,132
6470226,1,43,140
6470330,1,45,156
6470434,1,50,148
6470538,1,20,106
6470850,1,39,145
6470954,1,26,104
6471125,1,31,115
6471229,1,14,92
6471333,1,27,112
6471437,1,31,120
6471541,1,42,139
9000021,1,36,120
9000033,1,44,164
9000080,1,60,148
9999999,1,66,158
