Subject ID,Sequence ID,Frame Start,Frame End
24,0,61,151
35,0,58,145
36,0,26,110
37,0,10,97
38,0,48,141
39,0,43,131
40,0,53,138
41,0,49,132
42,0,44,138
43,0,42,137
44,0,52,141
45,0,44,124
46,0,61,135
47,0,79,168
48,0,36,111
49,0,64,149
50,0,57,147
51,0,65,149
52,0,56,137
53,0,53,135
54,0,72,170
55,0,85,183
56,0,36,118
57,0,68,165
58,0,49,133
59,0,58,146
60,0,77,160
61,0,69,152
62,0,65,151
63,0,87,184
64,0,71,158
65,0,49,137
66,0,50,145
67,0,85,174
68,0,63,144
69,0,60,142
70,0,55,135
71,0,66,159
72,0,70,153
73,0,79,167
74,0,79,172
75,0,53,135
1000001,0,85,204
1000002,0,114,204
1000003,0,55,139
1000004,0,33,114
1000006,0,65,157
1000007,0,49,137
1000008,0,78,158
1000009,0,40,127
1000015,0,77,171
1000016,0,42,130
1000018,0,54,139
1000020,0,50,137
1000023,0,80,203
1000024,0,71,165
1000052,0,63,150
1000053,0,54,135
1000061,0,36,132
1000062,0,44,135
1000063,0,47,122
1000066,0,107,195
1000067,0,65,159
1000071,0,116,206
1000073,0,60,152
1000075,0,52,139
1000078,0,38,117
1000080,0,130,235
1000081,0,92,196
1000082,0,154,253
1000083,0,44,147
1000084,0,44,124
1000086,0,43,132
1000087,0,98,175
1000088,0,43,125
1000089,0,85,185
1000090,0,85,170
1000091,0,43,136
1000094,0,41,131
1000095,0,47,122
1000096,0,50,127
1000097,0,29,126
1000098,0,31,130
1000099,0,31,121
1000100,0,94,179
1000103,0,9,89
1000104,0,46,136
1000105,0,34,107
1000106,0,60,155
1000107,0,51,141
1000109,0,22,123
1000115,0,35,129
1000116,0,80,195
1000117,0,40,120
1000120,0,56,145
1000121,0,55,151
1000123,0,76,169
1000124,0,110,209
1000125,0,51,157
1000126,0,33,125
1000127,0,38,127
1000131,0,64,144
1000133,0,69,157
1000134,0,54,149
1000135,0,74,158
1000136,0,15,104
1000140,0,62,143
1000141,0,81,180
1000145,0,53,146
1000146,0,74,161
1000147,0,76,175
1000148,0,59,150
1000149,0,50,147
1000170,0,90,178
1000171,0,30,109
1000173,0,40,128
1000176,0,49,137
1000178,0,55,141
1000192,0,50,137
1000193,0,35,132
1000200,0,54,148
1000201,0,52,129
1000203,0,44,113
1000206,0,52,141
1000208,0,59,146
1000211,0,57,153
1000213,0,58,163
1000214,0,56,134
1000215,0,41,121
1000217,0,49,148
1000219,0,47,130
1000220,0,88,205
1000221,0,52,149
1000223,0,64,155
1000226,0,67,148
1000227,0,40,146
1000228,0,59,148
1000229,0,62,137
1000231,0,67,159
1000233,0,100,180
1000234,0,56,145
1000235,0,111,203
1000236,0,46,128
1000239,0,80,172
1000244,0,51,140
1000304,0,63,154
1000306,0,35,122
1000307,0,55,150
1000308,0,79,177
1000312,0,62,149
1000314,0,49,128
1000315,0,54,136
1000317,0,56,148
1000318,0,54,144
1000324,0,51,137
1000325,0,61,155
1000326,0,61,162
1000330,0,51,132
1000331,0,71,156
1000332,0,31,127
1000333,0,32,114
1000335,0,42,128
1000336,0,33,113
1000337,0,36,117
1000339,0,85,196
1000343,0,64,155
1000346,0,37,114
1000347,0,60,148
1000450,0,88,208
1000452,0,58,149
1000455,0,55,141
1000456,0,58,161
1000457,0,40,131
1000458,0,44,128
1000459,0,63,154
1000462,0,80,219
1000464,0,57,147
1000466,0,64,156
1000467,0,37,116
1000468,0,53,140
1000472,0,57,137
1000474,0,59,153
1000475,0,96,207
1000477,0,21,101
1000478,0,88,179
1000479,0,33,119
1000500,0,37,124
1000501,0,37,117
1000502,0,61,171
1000503,0,16,112
1000504,0,48,153
1000505,0,55,136
1000508,0,43,131
1000511,0,68,164
1000517,0,59,155
1000518,0,44,128
1000521,0,48,135
1000523,0,65,154
1000527,0,35,122
1000529,0,50,142
1000532,0,37,111
1000537,0,55,144
1000538,0,59,155
1000539,0,31,123
1000540,0,39,139
1000541,0,36,120
1000542,0,17,101
1000544,0,73,172
1000545,0,21,108
1000546,0,39,129
1000547,0,26,110
1000548,0,53,135
1000549,0,37,123
1000550,0,48,133
1000553,0,63,157
1000555,0,22,133
1000556,0,37,133
1000557,0,51,148
1000558,0,26,119
1000559,0,45,140
1000560,0,83,191
1000561,0,31,147
1000562,0,75,161
1000564,0,73,171
1000565,0,63,148
1000570,0,62,149
1000572,0,46,136
1000574,0,55,144
1000575,0,34,118
1000577,0,6,88
1000579,0,59,156
1000582,0,31,125
1000583,0,63,166
1000584,0,72,165
1000585,0,49,145
1000586,0,62,160
1000587,0,83,174
1000588,0,60,159
1000590,0,50,158
1000591,0,36,145
1000592,0,88,199
1000593,0,60,134
1000595,0,23,115
1000597,0,103,202
1000598,0,59,141
1000599,0,46,131
1000800,0,50,135
1000801,0,87,181
1000803,0,37,135
1000804,0,58,164
1000805,0,47,129
1000806,0,49,133
1000807,0,62,152
1000810,0,113,196
1000811,0,68,155
1000814,0,43,123
1000815,0,37,118
1000817,0,43,125
1000819,0,32,110
1000820,0,40,123
1000822,0,74,162
1000826,0,41,134
1000827,0,42,131
1000828,0,29,108
1000829,0,85,164
1000831,0,59,150
1000832,0,42,134
1000833,0,28,103
1000834,0,57,148
1000835,0,22,108
1000837,0,13,100
1000838,0,27,114
1000844,0,28,97
1000845,0,38,125
1000846,0,36,121
1000848,0,20,101
1000849,0,8,75
1000951,0,61,166
1000970,0,61,149
1000971,0,99,198
1000972,0,60,145
1000973,0,56,144
1000974,0,57,147
2000000,0,16,101
2000001,0,84,202
2000003,0,31,118
2000005,0,23,109
2000010,0,80,224
2000014,0,55,154
2000016,0,29,121
2000027,0,63,149
2000030,0,62,156
2000031,0,84,175
2000033,0,57,150
2000035,0,67,148
2000039,0,114,208
2000040,0,38,105
2000042,0,33,114
2000044,0,63,152
2000045,0,58,147
2000046,0,75,165
2000054,0,45,121
2000055,0,33,111
2000058,0,39,135
2000061,0,59,153
2000062,0,33,114
2000063,0,55,127
2000065,0,75,154
2000070,0,52,132
2000072,0,68,155
2000073,0,21,90
2000074,0,104,204
2000091,0,60,141
2000093,0,77,177
2000096,0,53,147
2000097,0,53,132
2000099,0,103,209
2000100,0,50,143
2000101,0,69,170
2000103,0,46,145
2000109,0,58,150
2000113,0,52,141
2000116,0,73,158
2000117,0,31,110
2000118,0,61,148
2000119,0,47,140
2000120,0,72,172
2000127,0,34,131
2000128,0,55,156
2000129,0,44,136
2000134,0,81,172
2000136,0,62,151
2000137,0,43,132
2000140,0,36,131
2000142,0,50,139
2000150,0,28,102
2000151,0,33,106
2000152,0,50,147
2000154,0,72,159
2000155,0,53,151
2000158,0,76,171
2000161,0,64,177
2000162,0,73,187
2000167,0,36,116
2000170,0,28,94
2000174,0,91,221
2000180,0,32,116
2000181,0,80,181
2000191,0,71,179
2000192,0,49,133
2000193,0,4,131
2000195,0,33,117
2000200,0,61,154
2000203,0,44,122
2000210,0,51,137
2000213,0,52,141
2000216,0,28,107
2000218,0,17,111
2000219,0,49,158
2000222,0,29,123
2000224,0,39,131
2000226,0,63,149
2000236,0,13,91
2000242,0,64,158
2000243,0,45,132
2000245,0,87,175
2000246,0,51,140
2000247,0,82,209
2000250,0,37,115
2000252,0,62,155
2000257,0,65,147
2000258,0,45,117
2000259,0,70,172
2000263,0,51,138
2000266,0,55,143
2000267,0,47,157
2000268,0,76,171
2000269,0,56,158
2000273,0,65,148
2000274,0,40,127
2000282,0,61,141
2000284,0,58,152
2000287,0,44,125
2000300,0,22,112
2000301,0,52,136
2000302,0,36,117
2000308,0,52,137
2000316,0,63,149
2000317,0,49,130
2000326,0,46,148
2000329,0,35,114
2000331,0,39,152
2000332,0,40,127
2000333,0,25,109
2000334,0,36,119
2000336,0,37,119
2000339,0,50,145
2000340,0,40,121
2000341,0,35,120
2000342,0,54,150
2000347,0,42,148
2000348,0,55,156
2000349,0,31,124
2000350,0,48,135
2000351,0,49,146
2000352,0,29,116
2000356,0,44,128
2000367,0,47,144
2000368,0,30,133
2000369,0,35,125
2000371,0,69,175
2000372,0,47,136
2000375,0,53,144
2000376,0,9,98
2000379,0,36,122
2000380,0,30,127
2000382,0,45,148
2000384,0,53,149
2000385,0,48,154
2000387,0,53,151
2000388,0,48,131
2000389,0,40,128
2000390,0,40,123
2000393,0,38,119
2000394,0,58,163
2000396,0,72,181
2000397,0,33,110
2000399,0,35,125
2000406,0,42,130
2000408,0,44,133
2000409,0,48,144
2000410,0,50,146
2000411,0,43,134
2000412,0,53,143
2000413,0,47,136
2000414,0,38,133
2000418,0,41,132
2000419,0,32,133
2000420,0,50,147
2000421,0,30,114
2000422,0,44,129
2000423,0,35,120
2000424,0,25,105
2000425,0,29,113
2000430,0,69,165
2000431,0,1,92
2000434,0,47,144
2000437,0,35,115
2000440,0,25,112
2000441,0,39,122
2000445,0,23,119
2000447,0,41,144
2000448,0,31,116
2000456,0,51,144
2000460,0,28,110
2000461,0,50,140
2000464,0,41,126
2000465,0,39,127
2000466,0,28,110
2000467,0,49,133
2000468,0,46,133
2000473,0,45,143
2000476,0,39,127
2000479,0,38,128
2000480,0,36,127
2000481,0,51,148
2000482,0,30,110
2000484,0,33,123
2000485,0,40,123
2000486,0,45,147
2000489,0,48,138
2000492,0,31,117
2000495,0,73,195
2000497,0,44,145
2000498,0,50,138
2000499,0,49,140
2000501,0,52,144
2000502,0,48,151
2000503,0,38,121
2000504,0,61,158
2000505,0,49,132
2000506,0,58,147
2000517,0,49,133
2000518,0,49,146
2000521,0,79,200
2000523,0,29,105
2000524,0,95,234
2000531,0,47,141
2000532,0,37,106
2000533,0,32,118
2000535,0,32,122
2000537,0,54,157
2000540,0,40,118
2000542,0,41,119
2000543,0,47,144
2000544,0,34,113
2000545,0,45,132
2000547,0,35,121
2000552,0,47,152
2000553,0,50,155
2000555,0,27,120
2000557,0,45,126
2000558,0,35,111
2000560,0,47,154
2000561,0,54,151
2000562,0,53,155
2000563,0,25,105
2000564,0,35,124
2000567,0,49,140
2000568,0,61,167
2000570,0,31,122
2000571,0,46,130
2000572,0,30,114
2000573,0,20,105
2000574,0,49,138
2000575,0,36,126
2000578,0,46,126
2000579,0,8,85
2000583,0,44,121
2000584,0,36,115
2000588,0,39,129
2000589,0,22,111
2000590,0,44,133
2000591,0,60,155
2000592,0,32,120
2000593,0,56,151
2000594,0,29,138
2000595,0,49,146
2000598,0,49,157
2000603,0,25,99
2000604,0,41,130
2000605,0,39,124
2000607,0,28,121
2000608,0,32,119
2000609,0,35,120
2000612,0,15,93
2000613,0,43,119
2000616,0,45,131
2000617,0,57,149
2000618,0,58,152
2000620,0,34,129
2000621,0,47,156
2000622,0,37,115
2000623,0,64,154
2000625,0,72,176
2000626,0,42,126
2000630,0,38,131
2000636,0,44,132
2000637,0,49,132
2000640,0,30,110
2000641,0,26,96
2000643,0,33,119
2000644,0,49,136
2000646,0,29,113
2000650,0,56,160
2000652,0,45,139
2000653,0,41,122
2000654,0,42,134
2000655,0,52,147
2000656,0,53,145
2000657,0,56,149
2000658,0,38,123
2000659,0,32,120
2000660,0,39,126
2000661,0,52,141
2000662,0,33,123
2000663,0,64,160
2000664,0,45,141
2000665,0,45,125
2000670,0,38,122
2000672,0,44,135
2000674,0,39,142
2000675,0,58,160
2000677,0,35,134
2000680,0,59,161
2000681,0,59,147
2000684,0,45,134
2000691,0,53,139
2000692,0,67,146
2000694,0,59,144
2000695,0,81,163
2000697,0,57,140
2000698,0,49,146
2000702,0,45,131
2000703,0,57,141
2000704,0,43,124
2000708,0,70,167
2000712,0,43,132
2000713,0,36,130
2000715,0,66,158
2000718,0,76,162
2000724,0,61,146
2000728,0,25,121
2000736,0,82,189
2000738,0,44,130
2000739,0,71,154
2000743,0,50,136
2000744,0,61,142
2000745,0,55,141
2000747,0,56,144
2000748,0,75,174
2000749,0,89,195
3000003,0,58,149
3000014,0,2,87
3000016,0,56,165
3000018,0,29,115
3000019,0,35,125
3000026,0,45,135
3000030,0,37,118
3000038,0,36,116
3000043,0,47,130
3000045,0,48,141
3000051,0,33,124
3000057,0,42,137
3000062,0,35,124
3000063,0,46,138
3000065,0,37,131
3000066,0,24,122
3000069,0,27,112
3000070,0,50,148
3000071,0,50,141
3000072,0,53,161
3000073,0,31,110
3000074,0,65,160
3000078,0,44,123
3000079,0,13,88
3000081,0,37,121
3000083,0,25,102
3000084,0,62,157
3000088,0,64,164
3000099,0,34,111
3000101,0,11,103
3000106,0,41,127
3000107,0,16,96
3000108,0,23,100
3000112,0,44,132
3000113,0,36,128
3000114,0,48,139
3000116,0,38,119
3000126,0,35,125
3000127,0,28,109
3000145,0,45,174
3000148,0,52,191
3000151,0,16,112
3000152,0,36,117
3000158,0,56,153
3000161,0,24,108
3000163,0,41,124
3000164,0,55,142
3000165,0,7,99
3000166,0,38,128
3000171,0,38,121
3000172,0,36,117
3000173,0,33,119
3000186,0,53,147
3000196,0,48,138
3000197,0,44,140
3000198,0,44,130
3000199,0,46,120
3000205,0,41,134
3000210,0,22,118
3000211,0,25,117
3000212,0,33,142
3000213,0,33,120
3000214,0,41,121
3000215,0,47,126
3000216,0,36,118
3000217,0,46,135
3000218,0,48,140
3000219,0,52,178
3000220,0,55,158
3000221,0,54,144
3000225,0,36,130
3000227,0,32,117
3000228,0,40,130
3000232,0,27,104
3000234,0,57,155
3000235,0,30,108
3000236,0,40,129
3000237,0,13,100
3000239,0,21,105
3000240,0,34,120
3000241,0,16,100
3000245,0,62,151
3000246,0,63,152
3000248,0,57,157
3000249,0,44,150
3000250,0,26,113
3000251,0,36,131
3000253,0,33,107
3000255,0,27,106
3000265,0,33,118
3000268,0,23,106
3000269,0,29,107
3000270,0,35,128
3000272,0,16,102
3000273,0,26,107
3000274,0,34,121
3000275,0,71,181
3000276,0,23,113
3000280,0,25,114
3000281,0,12,77
3000282,0,46,142
3000284,0,144,231
3000286,0,23,108
3000289,0,33,136
3000291,0,64,166
3000293,0,20,93
3000296,0,47,134
3000299,0,39,135
3000300,0,32,119
3000307,0,39,137
3000308,0,27,124
3000311,0,38,118
3000315,0,28,120
3000321,0,37,126
3000327,0,50,150
3000329,0,18,104
3000330,0,30,104
3000331,0,21,95
3000332,0,36,116
3000333,0,26,103
3000341,0,49,133
3000343,0,40,125
3000346,0,32,114
3000347,0,42,125
3000350,0,18,86
3000351,0,26,112
3000353,0,25,114
3000354,0,24,113
3000362,0,23,120
3000365,0,42,141
3000371,0,24,108
3000375,0,21,108
3000376,0,26,104
3000391,0,31,118
3000392,0,36,128
3000393,0,29,108
3000394,0,36,122
3000395,0,27,102
3000396,0,10,85
3000408,0,58,157
3000413,0,46,138
3000414,0,38,129
3000415,0,32,123
3000418,0,41,116
3000420,0,27,115
3000422,0,35,122
3000430,0,23,106
3000431,0,36,126
3000435,0,52,157
3000436,0,33,123
3000437,0,28,103
3000438,0,18,112
3000439,0,44,129
3000442,0,22,104
3000443,0,17,98
3000445,0,47,152
3000446,0,40,130
3000448,0,55,154
3000449,0,27,121
3000455,0,31,118
3000456,0,41,121
3000457,0,47,152
3000459,0,49,138
3000460,0,23,107
3000462,0,34,109
3000463,0,21,95
3000464,0,28,113
3000466,0,45,133
3000468,0,26,168
3000470,0,122,313
3000471,0,36,129
3000473,0,46,137
3000474,0,22,112
3000476,0,56,160
3000477,0,49,165
3000479,0,24,118
3000483,0,19,100
3000485,0,37,125
3000488,0,101,201
3000490,0,40,131
3000491,0,27,116
3000493,0,34,116
3000494,0,28,129
3000496,0,42,142
3000498,0,34,130
3000500,0,26,102
3000501,0,23,104
3000503,0,29,114
3000504,0,24,115
3000505,0,32,122
3000506,0,31,119
3000508,0,40,128
3000509,0,34,127
3000510,0,15,104
3000511,0,37,126
3000515,0,37,136
3000516,0,36,124
3000517,0,41,139
3000521,0,49,147
3000523,0,10,107
3000524,0,42,147
3000527,0,33,113
3000528,0,47,137
3000529,0,23,105
3000533,0,66,155
3000536,0,25,100
3000543,0,23,119
3000545,0,54,140
3000549,0,30,124
3000551,0,27,126
3000552,0,48,132
3000553,0,35,126
3000554,0,19,105
3000557,0,66,176
3000565,0,28,110
3000568,0,47,131
3000569,0,46,132
3000570,0,32,121
3000571,0,44,142
3000574,0,73,161
3000579,0,54,148
3000581,0,29,116
3000582,0,33,131
3000583,0,30,113
3000585,0,38,132
3000586,0,35,122
3000587,0,58,149
3000588,0,32,119
3000593,0,40,136
3000594,0,51,150
3000595,0,54,138
3000596,0,52,149
3000597,0,66,155
3000598,0,60,159
3000600,0,49,128
3000601,0,36,134
3000602,0,46,130
3000618,0,79,158
3000620,0,116,238
3000623,0,47,129
3000624,0,49,135
3000635,0,37,126
3000636,0,13,114
3000637,0,62,161
3000640,0,31,114
3000642,0,51,166
3000647,0,64,155
3000650,0,89,186
3000653,0,52,139
3000654,0,33,124
3000665,0,38,124
3000668,0,32,128
3000676,0,51,150
3000681,0,55,152
3000682,0,53,161
3000690,0,59,148
3000692,0,29,108
3000697,0,32,122
3000698,0,61,157
3000703,0,37,129
3000705,0,53,155
3000714,0,48,159
3000717,0,51,132
3000718,0,48,142
3000721,0,61,145
3000729,0,56,150
3000737,0,69,172
3000745,0,50,129
3000755,0,61,164
3000756,0,71,160
3000757,0,43,130
3000759,0,51,139
3000767,0,66,168
3000773,0,94,198
3000774,0,52,163
3000775,0,43,140
3000776,0,25,112
3000778,0,55,144
3000782,0,40,132
3000787,0,73,160
3000799,0,32,115
3000800,0,44,148
3000802,0,33,119
3000803,0,43,132
3000804,0,48,156
3000805,0,29,110
3000808,0,35,123
3000810,0,44,135
3000811,0,40,130
3000813,0,47,151
3000814,0,37,121
3000815,0,33,120
3000816,0,44,138
3000817,0,40,131
3000821,0,42,124
3000823,0,7,106
3000824,0,33,149
3000825,0,23,104
3000830,0,45,137
3000831,0,42,128
3000832,0,40,119
3000833,0,31,109
3000836,0,36,122
3000852,0,30,113
3000855,0,36,120
3000856,0,33,134
3000859,0,32,110
3000861,0,35,134
3000862,0,42,141
3000863,0,48,150
3000864,0,58,155
3000866,0,39,138
3000867,0,40,130
3000870,0,38,132
3000871,0,29,126
3000872,0,42,140
3000873,0,47,155
3000874,0,37,134
3000877,0,60,188
3000883,0,3,80
4000001,0,201,294
4000002,0,80,160
4000003,0,70,148
4000004,0,94,173
4000006,0,84,167
4000009,0,91,181
4000011,0,66,152
4000012,0,75,148
4000013,0,49,121
4000016,0,94,180
4000017,0,103,183
4000018,0,113,205
4000019,0,76,155
4000021,0,70,151
4000022,0,116,198
4000023,0,208,293
4000025,0,89,169
4000026,0,81,160
4000027,0,101,207
4000029,0,101,187
4000030,0,94,182
4000031,0,176,274
4000032,0,105,186
4000033,0,102,182
4000034,0,78,158
4000035,0,87,165
4000036,0,77,158
4000038,0,88,166
4000042,0,61,141
4000043,0,57,130
4000044,0,83,168
4000045,0,49,119
4000046,0,57,133
4000048,0,106,195
4000050,0,76,156
4000051,0,114,193
4000052,0,70,141
4000054,0,73,158
4000060,0,93,182
4000063,0,51,130
4000064,0,63,142
4000065,0,96,191
4000067,0,99,183
4000068,0,87,166
4000069,0,78,160
4000070,0,68,145
4000072,0,62,133
4000073,0,93,170
4000074,0,78,157
4000075,0,81,159
4000077,0,72,154
4000079,0,81,164
4000080,0,89,191
4000082,0,103,184
4000084,0,73,152
4000085,0,88,179
4000086,0,79,152
4000087,0,91,175
4000088,0,122,212
4000091,0,68,140
4000094,0,56,125
4000096,0,64,136
4000098,0,94,176
4000099,0,76,173
4000100,0,75,151
4000101,0,105,194
4000104,0,88,170
4000105,0,74,155
4000106,0,122,210
4000108,0,54,129
4000109,0,121,201
4000110,0,78,152
4000112,0,89,165
4000115,0,79,160
4000116,0,79,153
4000117,0,92,188
4000119,0,116,210
4000121,0,62,143
4000122,0,97,186
4000123,0,102,196
4000124,0,80,167
4000125,0,85,166
4000126,0,78,161
4000127,0,85,164
4000128,0,98,180
4000130,0,86,179
4000132,0,45,123
4000133,0,94,169
4000134,0,101,189
4000135,0,50,119
4000136,0,85,172
4000137,0,89,184
4000138,0,88,180
4000139,0,76,155
4000140,0,68,141
4000141,0,86,162
4000142,0,53,124
4000143,0,79,170
4000144,0,49,126
4000145,0,102,185
4000146,0,106,230
4000147,0,81,168
4000148,0,82,163
4000149,0,75,147
4000150,0,114,199
4000151,0,85,176
4000152,0,114,203
4000153,0,133,235
4000154,0,126,207
4000155,0,133,225
4000156,0,110,200
4000157,0,107,195
4000158,0,96,174
4000159,0,120,209
4000160,0,70,149
4000161,0,128,222
4000162,0,95,180
4000163,0,101,202
4000164,0,89,165
4000165,0,75,153
4000166,0,80,165
4000167,0,82,165
4000168,0,101,187
4000169,0,80,168
4000170,0,80,169
4000171,0,97,183
4000172,0,91,171
4000173,0,85,168
4000174,0,98,202
4000175,0,55,123
4000176,0,95,174
4000177,0,114,204
4000178,0,117,197
4000179,0,77,163
4000180,0,150,241
4000181,0,136,233
4000182,0,128,214
4000183,0,108,189
4000185,0,84,171
4000186,0,88,176
4000187,0,141,225
4000188,0,103,182
4000189,0,110,194
4000190,0,148,232
4000191,0,163,252
4000192,0,154,242
4000193,0,155,260
4000194,0,164,270
4000195,0,92,181
4000197,0,126,235
4000198,0,92,171
4000199,0,95,171
4000200,0,106,186
4000201,0,109,192
4000202,0,110,189
4000203,0,222,307
4000204,0,117,194
4000205,0,120,208
4000206,0,112,200
4000207,0,93,175
4000208,0,117,200
4000209,0,129,215
4000210,0,154,238
4000211,0,120,208
4000212,0,104,188
4000213,0,96,180
4000214,0,86,169
4000215,0,104,187
4000216,0,78,150
4000217,0,53,111
4000218,0,66,140
4000219,0,72,159
4000220,0,75,154
4000221,0,117,195
4000222,0,122,208
4000223,0,83,158
4000224,0,80,167
4000225,0,69,157
4000226,0,81,160
4000227,0,74,151
4000228,0,95,178
4000229,0,127,219
4000230,0,100,171
4000231,0,111,205
4000232,0,87,165
4000233,0,133,202
4000234,0,89,164
4000235,0,106,189
4000236,0,119,198
4000237,0,128,212
4000238,0,104,196
4000239,0,75,151
4000240,0,107,188
4000241,0,106,190
4000242,0,120,218
4000243,0,146,225
4000244,0,106,187
4000245,0,190,285
4000246,0,126,216
4000247,0,113,197
4000248,0,107,187
4000249,0,89,166
4000250,0,97,175
4000251,0,101,179
4000252,0,119,200
4000253,0,117,199
4000254,0,125,212
4000255,0,127,207
4000256,0,145,235
4000257,0,93,177
4000258,0,108,195
4000259,0,92,170
4000260,0,107,183
4000261,0,101,188
4000262,0,93,173
4000263,0,135,212
4000264,0,89,171
4000265,0,120,207
4000266,0,136,210
4000267,0,85,167
4000268,0,95,175
4000269,0,102,183
4000270,0,88,168
4000275,0,110,197
4000276,0,45,131
4000277,0,155,246
5000000,0,49,146
5000001,0,42,127
5000002,0,54,150
5000003,0,62,155
5000004,0,52,143
5000005,0,35,114
5000006,0,38,116
5000007,0,48,137
5000008,0,29,117
5000009,0,63,155
5000010,0,59,145
5000011,0,50,124
5000012,0,74,170
5000013,0,43,120
5000014,0,63,145
5000015,0,43,129
5000016,0,65,157
5000017,0,69,161
5000018,0,57,140
5000019,0,68,151
5000020,0,44,128
5000021,0,34,116
5000022,0,58,154
5000024,0,66,164
5000025,0,61,154
5000026,0,62,160
5000027,0,43,127
5000029,0,58,147
5000030,0,56,155
5000031,0,34,102
5000032,0,70,170
5000033,0,38,130
5000034,0,57,143
5000035,0,61,152
5000036,0,80,166
5000037,0,53,143
5000038,0,52,137
5000039,0,42,128
5000040,0,53,131
5000041,0,48,138
5000042,0,61,152
5000043,0,49,140
5000044,0,61,145
5000045,0,47,132
5000046,0,51,136
5000047,0,56,150
5000048,0,68,157
5000049,0,45,119
5000050,0,58,145
5000051,0,54,151
5000052,0,48,134
5000053,0,39,117
5000054,0,35,118
5000055,0,58,149
5000056,0,31,100
5000057,0,37,114
5000058,0,51,132
5000059,0,39,117
5000060,0,45,134
5000061,0,40,121
5000063,0,48,141
5000065,0,57,143
5000066,0,64,169
5000067,0,53,140
5000068,0,48,137
5000069,0,44,141
5000070,0,37,128
5000071,0,45,134
5000072,0,46,137
5000074,0,41,119
5000075,0,56,143
5000078,0,64,156
5000079,0,52,139
5000080,0,65,172
5000081,0,46,146
5000082,0,34,125
5000083,0,50,140
5000084,0,49,139
5000085,0,51,148
5000087,0,58,149
5000088,0,35,115
5000089,0,60,153
6000104,0,38,112
6000208,0,41,132
6000416,0,36,128
6000520,0,42,130
6000624,0,54,160
6001107,0,34,119
6001315,0,24,109
6001419,0,47,140
6001523,0,56,145
6001627,0,60,151
6001835,0,50,151
6001939,0,31,132
6002422,0,20,102
6002526,0,40,130
6002630,0,38,130
6002942,0,27,107
6003321,0,32,111
6003425,0,35,104
6003529,0,51,130
6004220,0,32,113
6004636,0,57,151
6004948,0,63,154
6005015,0,31,111
6005119,0,30,116
6005431,0,20,94
6005535,0,2,69
6005639,0,19,94
6005743,0,53,139
6005847,0,55,145
6005951,0,18,102
6006850,0,21,104
6006954,0,40,126
6007125,0,4,87
6007229,0,24,98
6007333,0,60,165
6007541,0,14,89
6007645,0,26,106
6007749,0,32,116
6008024,0,34,119
6008128,0,57,142
6008232,0,46,131
6008336,0,45,131
6008440,0,40,123
6008648,0,56,147
6008752,0,40,127
6008960,0,51,141
6009131,0,49,130
6009547,0,24,89
6009651,0,60,146
6009755,0,44,132
6009859,0,40,130
6010002,0,33,117
6010210,0,42,132
6010314,0,62,163
6010418,0,131,225
6010626,0,43,124
6010730,0,47,134
6010834,0,84,177
6010938,0,24,108
6011109,0,36,115
6011213,0,39,126
6011317,0,47,132
6011525,0,46,137
6011941,0,121,207
6012008,0,37,118
6012112,0,42,120
6012320,0,14,97
6012424,0,0,78
6012528,0,35,121
6012632,0,35,124
6012840,0,43,129
6013115,0,30,115
6013219,0,60,151
6013427,0,26,112
6013635,0,33,118
6013739,0,25,119
6013843,0,17,96
6013947,0,24,103
6014118,0,27,104
6014326,0,47,139
6014534,0,58,162
6014638,0,36,124
6014742,0,54,151
6014846,0,74,174
6014950,0,41,123
6015121,0,60,161
6015225,0,39,124
6015329,0,73,160
6015433,0,38,137
6015537,0,36,117
6015641,0,45,139
6015745,0,27,110
6015849,0,39,131
6015953,0,34,110
6016020,0,25,115
6016124,0,57,156
6016228,0,29,111
6016436,0,50,146
6016540,0,22,101
6016644,0,28,103
6016852,0,31,109
6016956,0,34,126
6017023,0,37,134
6017127,0,32,115
6017439,0,58,154
6017647,0,46,137
6017751,0,44,140
6017855,0,39,126
6017959,0,22,114
6018026,0,40,133
6018130,0,32,117
6018234,0,13,98
6018338,0,37,131
6018650,0,36,122
6018754,0,32,107
6018858,0,48,138
6018962,0,42,122
6019029,0,20,101
6019133,0,1,88
6019341,0,59,156
6019445,0,31,121
6019549,0,14,98
6019757,0,8,96
6019861,0,17,100
6019965,0,39,127
6020108,0,35,135
6020212,0,5,106
6020316,0,20,108
6020420,0,51,148
6020524,0,45,142
6020628,0,42,145
6020732,0,60,151
6020940,0,39,134
6021007,0,46,132
6021111,0,79,179
6021215,0,48,142
6021319,0,32,136
6021423,0,50,151
6021527,0,49,154
6021631,0,39,123
6021735,0,63,153
6021839,0,52,157
6021943,0,51,146
6022010,0,35,122
6022114,0,27,114
6022218,0,26,116
6022322,0,36,121
6022426,0,21,106
6022738,0,52,146
6022842,0,34,110
6022946,0,54,152
6023013,0,33,114
6023117,0,31,111
6023221,0,35,120
6023533,0,40,115
6023637,0,71,160
6023741,0,42,137
6023845,0,30,107
6023949,0,40,126
6024016,0,35,127
6024120,0,19,97
6024224,0,51,146
6024328,0,38,134
6024536,0,45,141
6024640,0,30,120
6024744,0,18,96
6024848,0,47,136
6024952,0,30,109
6025019,0,22,111
6025123,0,56,147
6025227,0,32,115
6025331,0,43,133
6050114,0,14,106
6050218,0,19,95
6050322,0,30,115
6050426,0,27,93
6050530,0,148,228
6050634,0,46,126
6050738,0,46,142
6051949,0,63,164
6052120,0,47,130
6052328,0,19,95
6052432,0,28,112
6052536,0,46,129
6053019,0,25,105
6053123,0,33,115
6053227,0,58,142
6053643,0,51,142
6053747,0,58,147
6053851,0,34,119
6053955,0,41,127
6054230,0,39,129
6054334,0,35,118
6054438,0,24,108
6054646,0,24,103
6054750,0,50,139
6054854,0,26,111
6055649,0,33,126
6055753,0,34,132
6055961,0,29,108
6056028,0,82,189
6056132,0,16,91
6056236,0,21,101
6056444,0,47,134
6056548,0,39,124
6056652,0,46,122
6056860,0,39,121
6057031,0,64,159
6057135,0,42,123
6057551,0,34,125
6057655,0,30,111
6057759,0,16,89
6058034,0,32,125
6058138,0,70,155
6058242,0,23,97
6058346,0,28,102
6058450,0,9,92
6058554,0,49,142
6058762,0,55,145
6058866,0,65,150
6059037,0,35,113
6059141,0,46,120
6059245,0,26,104
6059453,0,74,185
6059557,0,36,121
6059661,0,66,160
6059765,0,30,110
6060324,0,42,128
6060532,0,35,123
6060636,0,36,114
6060740,0,43,130
6060844,0,52,137
6061015,0,26,105
6061119,0,45,136
6061431,0,40,123
6061535,0,50,141
6062018,0,38,134
6062122,0,46,141
6062226,0,25,109
6062538,0,53,143
6062746,0,52,144
6062850,0,41,118
6062954,0,75,167
6063333,0,33,114
6063541,0,40,132
6063645,0,36,126
6063749,0,30,116
6063853,0,24,95
6063957,0,37,123
6064024,0,43,135
6064128,0,32,120
6064336,0,50,147
6064648,0,28,106
6064752,0,34,122
6064960,0,26,106
6065131,0,31,120
6065235,0,47,137
6065339,0,34,128
6065443,0,37,125
6065547,0,39,129
6065859,0,29,116
6065963,0,30,122
6066030,0,6,86
6066134,0,40,115
6066238,0,40,127
6066342,0,29,109
6066446,0,46,135
6066550,0,39,135
6066654,0,28,109
6066758,0,24,106
6066862,0,46,136
6066966,0,42,137
6067033,0,31,123
6067137,0,36,120
6067241,0,27,109
6067345,0,27,99
6067449,0,27,109
6067657,0,33,120
6067865,0,29,107
6068036,0,17,105
6068244,0,25,103
6068452,0,35,111
6068660,0,33,132
6068764,0,24,110
6068868,0,25,107
6069039,0,14,94
6069143,0,50,144
6069247,0,28,109
6069351,0,47,144
6069663,0,57,140
6069767,0,49,126
6069871,0,32,115
6069975,0,62,155
6070118,0,38,110
6070222,0,27,110
6070534,0,8,86
6070638,0,36,122
6070742,0,35,117
6070846,0,35,127
6070950,0,66,151
6071017,0,47,132
6071225,0,49,138
6071329,0,53,143
6071433,0,25,107
6071641,0,54,146
6071745,0,53,148
6071849,0,4,90
6071953,0,49,144
6072332,0,29,115
6072436,0,37,129
6072540,0,14,102
6072644,0,49,137
6073127,0,37,126
6073335,0,61,165
6073439,0,43,131
6073543,0,28,115
6073647,0,36,127
6073751,0,38,123
6074026,0,41,136
6074130,0,27,116
6074234,0,40,130
6074338,0,29,111
6074442,0,22,100
6074546,0,38,130
6100521,0,35,126
6100625,0,57,160
6100729,0,25,110
6100833,0,44,147
6101212,0,27,109
6101628,0,33,125
6101732,0,40,134
6101836,0,29,116
6101940,0,37,119
6102007,0,38,121
6102111,0,38,129
6102215,0,36,121
6102319,0,15,94
6102423,0,18,102
6102527,0,31,117
6102631,0,49,134
6102839,0,30,114
6103114,0,37,119
6103218,0,25,109
6103322,0,37,117
6103426,0,25,111
6103738,0,18,99
6104013,0,30,107
6104221,0,52,134
6104533,0,27,110
6104637,0,40,130
6104741,0,62,171
6104845,0,73,160
6104949,0,26,104
6105016,0,22,93
6105120,0,20,96
6105640,0,19,96
6105744,0,25,100
6105848,0,45,125
6105952,0,17,87
6106019,0,35,123
6106123,0,56,143
6106227,0,35,124
6106331,0,34,127
6106435,0,27,100
6106539,0,31,115
6106643,0,24,106
6106747,0,34,123
6107022,0,26,94
6107126,0,31,112
6107230,0,27,118
6107334,0,21,106
6107438,0,10,91
6107542,0,33,115
6107958,0,31,113
6108857,0,31,128
6108961,0,37,125
6109028,0,40,129
6109132,0,33,131
6109236,0,26,109
6109444,0,38,128
6110523,0,34,118
6110731,0,27,109
6110835,0,39,124
6110939,0,31,112
6111006,0,45,131
6111318,0,26,105
6111422,0,70,166
6111526,0,40,129
6111630,0,23,95
6111838,0,28,106
6111942,0,29,110
6112113,0,45,142
6112217,0,20,101
6112321,0,29,108
6112425,0,46,141
6112529,0,31,116
6112633,0,39,131
6112841,0,33,125
6113012,0,44,133
6113116,0,31,115
6113220,0,25,117
6113324,0,25,111
6113428,0,36,113
6113532,0,29,119
6113636,0,32,120
6113740,0,30,115
6114639,0,37,129
6114847,0,42,134
6114951,0,42,140
6115018,0,38,130
6115122,0,43,136
6115226,0,37,123
6115330,0,39,132
6115434,0,31,115
6115642,0,29,103
6115746,0,22,100
6116021,0,35,123
6116125,0,24,110
6116229,0,34,128
6116541,0,39,122
6116853,0,48,133
6116957,0,54,140
6117024,0,31,120
6117128,0,29,119
6117232,0,29,116
6117336,0,29,118
6117440,0,37,134
6117544,0,27,122
6117648,0,34,121
6117752,0,30,118
6117960,0,31,107
6118027,0,41,135
6118131,0,70,170
6118235,0,34,112
6118339,0,21,92
6118443,0,26,108
6118547,0,84,178
6118651,0,91,195
6118755,0,36,135
6119030,0,45,139
6119134,0,16,110
6119238,0,49,148
6119446,0,79,188
6119550,0,49,147
6119654,0,34,120
6119758,0,54,145
6119862,0,36,122
6119966,0,64,163
6120005,0,47,139
6120109,0,38,131
6120317,0,32,124
6120733,0,41,139
6120837,0,35,113
6120941,0,28,105
6121008,0,50,131
6121112,0,33,119
6121320,0,34,130
6121632,0,64,152
6121840,0,54,155
6121944,0,26,112
6122115,0,49,147
6122219,0,44,122
6122323,0,51,140
6122427,0,25,108
6122739,0,27,105
6122843,0,40,120
6122947,0,29,111
6123014,0,36,129
6123118,0,22,104
6123222,0,34,119
6123430,0,25,103
6123534,0,19,86
6123638,0,25,97
6123950,0,32,112
6124017,0,49,147
6124121,0,34,113
6124433,0,19,111
6124537,0,37,136
6124641,0,34,122
6124745,0,37,131
6124953,0,31,127
6125020,0,25,102
6125124,0,40,132
6125332,0,40,129
6125436,0,40,133
6125540,0,30,113
6125644,0,32,121
6125748,0,25,111
6125956,0,31,116
6126335,0,27,111
6126439,0,41,130
6126751,0,48,142
6126855,0,38,126
6126959,0,37,127
6127026,0,35,125
6127130,0,37,120
6127234,0,34,118
6127338,0,31,115
6127442,0,36,121
6127546,0,18,104
6127650,0,30,115
6127754,0,53,151
6127858,0,33,123
6127962,0,44,130
6128029,0,35,120
6128133,0,16,90
6128237,0,38,116
6128341,0,34,113
6128549,0,35,122
6128653,0,35,121
6128757,0,29,120
6128861,0,25,115
6128965,0,59,150
6129032,0,78,168
6129136,0,55,146
6129240,0,79,208
6129344,0,30,111
6129448,0,98,231
6129552,0,47,154
6129760,0,22,104
6130215,0,39,129
6130527,0,33,109
6130631,0,23,108
6130735,0,26,118
6130839,0,37,118
6130943,0,33,116
6131010,0,42,133
6131322,0,20,107
6131426,0,36,114
6131530,0,21,93
6131634,0,44,142
6132221,0,23,113
6132429,0,39,129
6132949,0,35,115
6133016,0,35,132
6133120,0,34,122
6133224,0,55,154
6133328,0,39,134
6133640,0,28,107
6133744,0,28,112
6133848,0,42,138
6133952,0,45,146
6134123,0,32,120
6134331,0,48,143
6134435,0,24,109
6134539,0,43,126
6134851,0,20,93
6134955,0,53,152
6135022,0,21,110
6135438,0,35,124
6135542,0,34,121
6135646,0,28,105
6135750,0,29,114
6135854,0,40,127
6135958,0,35,128
6136025,0,40,134
6136129,0,41,145
6136233,0,37,125
6136337,0,28,113
6136441,0,27,112
6136545,0,42,123
6136649,0,58,133
6136753,0,44,134
6136857,0,43,132
6137132,0,30,125
6137236,0,48,150
6137340,0,33,118
6137444,0,14,97
6137756,0,30,115
6137860,0,44,128
6137964,0,29,114
6138031,0,28,110
6138135,0,26,112
6138239,0,38,123
6138343,0,36,128
6138447,0,55,146
6138551,0,32,117
6138655,0,42,130
6138759,0,44,135
6138863,0,21,100
6138967,0,29,113
6139034,0,42,135
6139138,0,32,118
6139450,0,24,105
6139554,0,25,106
6139658,0,24,101
6139762,0,19,103
6139866,0,23,98
6139970,0,34,124
6140009,0,57,172
6150115,0,29,108
6150323,0,44,135
6150531,0,47,141
6150635,0,21,99
6150739,0,40,125
6151014,0,44,129
6151118,0,51,134
6151222,0,29,113
6151326,0,34,124
6151430,0,32,110
6151534,0,43,141
6151638,0,36,140
6151742,0,34,121
6151846,0,35,127
6152121,0,39,129
6152433,0,40,128
6152745,0,40,134
6152849,0,44,143
6153020,0,33,123
6153436,0,47,148
6153540,0,26,113
6153748,0,48,139
6153956,0,47,128
6154023,0,28,115
6154127,0,43,142
6154231,0,34,117
6154335,0,60,144
6154751,0,6,88
6154855,0,36,132
6154959,0,48,136
6155026,0,39,125
6155130,0,44,130
6155234,0,57,141
6155338,0,32,107
6155442,0,46,134
6155546,0,32,111
6155650,0,27,107
6155962,0,38,120
6156029,0,37,128
6156237,0,34,123
6156341,0,49,146
6156445,0,26,101
6156549,0,29,112
6156653,0,16,98
6156757,0,26,109
6157136,0,29,122
6157240,0,24,102
6157344,0,39,132
6157448,0,20,103
6157864,0,27,110
6157968,0,32,116
6158035,0,24,103
6158347,0,12,79
6158659,0,24,107
6158763,0,35,119
6158867,0,29,111
6158971,0,39,133
6159038,0,13,88
6159142,0,26,98
6159246,0,31,114
6159350,0,39,133
6159454,0,29,117
6159558,0,35,123
6159974,0,59,159
6160013,0,40,135
6160117,0,23,114
6160221,0,50,139
6160325,0,34,117
6160637,0,33,118
6160741,0,30,121
6161016,0,22,102
6161224,0,46,144
6161328,0,55,167
6161432,0,25,105
6161536,0,49,141
6161640,0,7,96
6161744,0,44,134
6161848,0,40,132
6161952,0,72,159
6162019,0,36,127
6162123,0,72,172
6162435,0,30,121
6162539,0,36,128
6162643,0,19,98
6163022,0,39,131
6163126,0,29,110
6163230,0,33,123
6163542,0,22,98
6163646,0,24,102
6163750,0,47,125
6163958,0,33,117
6164337,0,35,111
6164441,0,15,86
6164545,0,17,94
6164649,0,24,101
6164753,0,57,154
6164857,0,28,106
6164961,0,28,116
6165132,0,32,125
6165236,0,57,148
6165340,0,47,135
6165444,0,31,124
6165548,0,55,148
6165652,0,37,125
6165756,0,59,149
6165860,0,44,134
6165964,0,31,115
6166031,0,25,114
6166135,0,29,116
6166343,0,28,102
6166447,0,48,140
6166655,0,38,129
6166759,0,30,119
6166863,0,27,121
6166967,0,28,120
6167034,0,25,104
6167138,0,29,116
6167346,0,35,129
6167450,0,47,140
6167554,0,29,107
6167866,0,31,126
6167970,0,49,152
6168037,0,72,175
6168141,0,29,115
6168245,0,27,113
6168349,0,33,115
6168453,0,48,141
6168557,0,27,108
6168973,0,18,90
6169040,0,21,99
6169248,0,31,117
6169352,0,27,124
6169456,0,42,139
6169560,0,33,117
6169664,0,34,119
6169768,0,27,121
6170015,0,38,128
6170119,0,54,154
6170431,0,40,132
6170535,0,40,132
6170639,0,54,150
6170743,0,34,109
6170951,0,56,155
6171018,0,28,102
6171122,0,38,126
6171226,0,32,113
6171330,0,27,108
6171434,0,29,102
6171538,0,38,123
6171746,0,35,121
6171954,0,35,126
6172541,0,29,103
6172853,0,40,122
6172957,0,31,113
6173024,0,56,129
6173648,0,42,129
6173752,0,20,90
6173856,0,34,119
6173960,0,30,112
6174027,0,45,125
6174131,0,31,122
6174235,0,39,134
6174339,0,57,156
6174443,0,36,123
6174547,0,25,103
6174651,0,38,127
6174755,0,58,155
6175030,0,37,124
6175134,0,24,105
6175238,0,40,128
6175342,0,20,110
6175550,0,35,117
6175862,0,36,122
6175966,0,28,124
6176033,0,37,126
6176137,0,71,161
6176449,0,21,104
6176553,0,31,109
6176761,0,39,120
6176865,0,40,120
6176969,0,30,116
6177036,0,33,122
6177140,0,32,118
6177244,0,44,130
6177348,0,25,112
6177452,0,33,109
6177556,0,23,91
6177660,0,40,135
6178039,0,45,142
6178143,0,29,112
6178247,0,26,111
6178351,0,28,110
6178455,0,28,114
6178559,0,36,127
6178663,0,44,137
6178767,0,40,131
6178871,0,39,127
6178975,0,56,160
6179042,0,43,131
6179146,0,36,121
6179250,0,38,126
6179354,0,41,141
6179458,0,65,167
6179562,0,9,75
6179666,0,25,109
6179770,0,61,168
6200314,0,69,177
6200418,0,43,142
6200522,0,69,159
6200626,0,44,137
6200730,0,32,122
6201005,0,29,125
6201109,0,30,108
6201213,0,43,130
6201317,0,42,135
6201421,0,26,103
6201525,0,39,128
6201629,0,41,135
6201733,0,48,141
6201837,0,54,148
6202112,0,40,131
6202424,0,16,100
6202528,0,45,138
6203323,0,34,120
6203531,0,66,161
6203739,0,24,102
6203843,0,44,144
6204118,0,28,107
6204222,0,28,109
6204326,0,42,132
6204638,0,38,128
6204742,0,61,134
6204846,0,28,111
6204950,0,20,110
6205017,0,20,108
6205225,0,34,127
6205329,0,29,114
6205433,0,35,133
6205537,0,46,133
6205641,0,42,132
6205745,0,69,168
6205953,0,43,140
6206020,0,46,145
6206124,0,44,130
6206228,0,18,94
6206332,0,52,145
6206436,0,46,139
6206644,0,22,95
6206748,0,42,132
6207127,0,37,125
6207231,0,25,106
6207335,0,35,123
6207439,0,26,98
6207647,0,30,118
6207751,0,29,107
6207855,0,27,100
6208026,0,27,108
6208338,0,67,176
6208442,0,51,162
6208650,0,35,126
6208754,0,49,137
6208858,0,24,111
6208962,0,32,120
6209029,0,32,119
6209133,0,36,126
6209341,0,35,129
6209445,0,41,137
6209549,0,40,138
6209653,0,35,123
6209861,0,44,139
6209965,0,31,112
6210004,0,21,97
6210108,0,27,112
6210212,0,44,141
6210316,0,38,133
6210628,0,33,113
6210732,0,45,131
6210836,0,17,96
6210940,0,32,124
6211111,0,31,117
6211215,0,32,126
6211319,0,35,122
6211423,0,27,111
6212426,0,38,127
6212738,0,38,126
6212842,0,37,127
6212946,0,85,177
6213013,0,52,162
6213117,0,48,143
6213221,0,66,160
6213325,0,72,169
6213533,0,52,145
6213637,0,43,119
6213741,0,40,129
6213845,0,32,118
6213949,0,35,122
6214016,0,40,125
6214120,0,34,116
6214224,0,41,126
6214328,0,32,112
6214536,0,154,299
6214848,0,19,95
6214952,0,30,107
6215019,0,24,102
6215123,0,8,80
6215227,0,18,102
6215331,0,12,103
6215435,0,47,136
6215539,0,23,106
6215643,0,34,123
6215851,0,34,115
6215955,0,66,169
6216126,0,43,136
6216230,0,31,119
6216334,0,40,124
6216438,0,43,140
6216542,0,40,136
6216646,0,31,117
6216854,0,43,135
6217129,0,37,129
6217337,0,22,106
6217649,0,64,186
6217753,0,29,115
6217857,0,42,132
6217961,0,34,124
6218028,0,28,114
6218132,0,23,105
6218236,0,23,103
6218340,0,29,124
6218444,0,33,123
6218548,0,29,107
6218652,0,18,87
6218756,0,48,134
6218860,0,33,123
6218964,0,38,114
6219031,0,19,99
6219135,0,24,111
6219239,0,48,141
6219343,0,48,147
6219551,0,43,132
6219655,0,49,146
6219759,0,48,152
6219967,0,55,149
6220006,0,30,118
6220110,0,47,146
6220318,0,32,127
6220422,0,31,113
6220526,0,20,98
6220630,0,43,140
6220734,0,43,135
6220838,0,51,139
6221009,0,79,186
6221113,0,32,120
6221217,0,43,133
6221321,0,66,179
6221425,0,63,165
6221529,0,45,144
6221633,0,99,195
6221737,0,27,105
6221841,0,19,97
6221945,0,9,83
6222012,0,54,143
6222116,0,22,103
6222220,0,29,113
6222324,0,42,133
6222532,0,28,111
6222948,0,41,127
6223015,0,44,143
6223119,0,34,116
6223223,0,22,115
6223327,0,28,112
6223431,0,21,95
6223639,0,30,113
6223743,0,71,170
6223847,0,24,109
6223951,0,50,151
6224122,0,47,140
6224330,0,25,107
6224642,0,30,116
6224746,0,59,164
6224850,0,41,134
6224954,0,57,158
6225125,0,45,136
6225229,0,14,87
6225333,0,51,151
6225437,0,50,145
6225541,0,80,188
6225645,0,51,137
6225749,0,32,112
6225853,0,44,128
6226024,0,44,127
6226128,0,47,143
6226440,0,29,113
6226544,0,31,118
6226648,0,36,125
6226856,0,58,160
6226960,0,32,124
6227027,0,36,121
6227235,0,40,136
6227339,0,41,134
6227443,0,39,125
6227547,0,23,95
6250116,0,35,127
6250220,0,47,137
6250324,0,33,126
6250428,0,34,116
6250532,0,63,180
6250636,0,55,162
6250740,0,34,112
6250844,0,30,103
6250948,0,24,107
6251015,0,41,117
6251223,0,49,141
6251327,0,37,125
6251431,0,51,141
6251535,0,50,143
6251743,0,39,117
6251847,0,24,115
6251951,0,39,133
6252018,0,48,138
6252330,0,41,130
6252434,0,52,150
6252538,0,39,135
6252642,0,44,138
6252746,0,30,122
6254024,0,47,142
6254128,0,59,151
6254648,0,30,107
6254752,0,18,87
6254856,0,34,115
6254960,0,43,134
6255027,0,32,117
6255131,0,46,142
6255235,0,30,112
6255339,0,38,127
6255443,0,20,107
6255651,0,44,128
6255755,0,38,133
6255859,0,35,122
6255963,0,24,106
6256030,0,42,136
6256134,0,41,129
6256238,0,28,109
6256342,0,28,111
6256446,0,29,115
6256550,0,47,141
6256654,0,48,149
6256758,0,28,115
6256862,0,24,105
6256966,0,32,124
6257033,0,38,128
6257137,0,59,146
6257241,0,30,110
6257345,0,54,153
6257449,0,36,117
6257553,0,29,116
6257657,0,33,122
6257969,0,26,108
6258036,0,57,156
6258140,0,38,125
6258244,0,44,141
6258348,0,34,118
6258452,0,34,116
6258556,0,28,114
6258868,0,27,115
6259039,0,39,132
6259143,0,33,117
6259247,0,31,106
6259663,0,46,136
6259871,0,31,118
6259975,0,25,105
6260014,0,34,124
6260326,0,36,121
6260950,0,38,126
6261121,0,19,110
6261433,0,31,127
6261537,0,31,123
6261641,0,28,107
6261849,0,35,121
6262124,0,33,117
6262228,0,46,145
6262332,0,41,127
6262436,0,42,138
6262540,0,53,155
6263023,0,16,99
6263127,0,22,108
6263335,0,34,123
6263439,0,29,109
6263543,0,32,126
6263647,0,44,129
6263751,0,25,110
6263855,0,40,135
6263959,0,40,133
6264026,0,35,119
6264130,0,40,124
6264234,0,6,77
6264338,0,40,120
6264442,0,36,116
6264546,0,44,132
6264650,0,44,133
6264754,0,56,152
6265029,0,44,135
6265133,0,43,131
6265237,0,46,131
6265341,0,46,133
6265445,0,13,104
6265653,0,34,118
6266032,0,32,107
6266240,0,33,113
6266344,0,47,134
6266656,0,34,113
6266760,0,38,114
6266864,0,61,148
6266968,0,53,143
6267139,0,33,120
6267243,0,21,97
6267347,0,32,117
6267659,0,46,135
6267867,0,36,117
6267971,0,34,117
6268038,0,57,154
6268142,0,39,122
6268246,0,25,101
6268350,0,62,162
6268454,0,25,108
6268662,0,42,129
6268766,0,33,114
6268870,0,40,135
6268974,0,45,149
6269041,0,34,125
6269145,0,46,154
6269249,0,50,154
6269353,0,28,111
6269457,0,43,139
6269561,0,40,134
6269665,0,39,126
6269769,0,45,130
6269873,0,30,113
6269977,0,37,123
6270120,0,38,138
6270432,0,31,122
6270536,0,19,93
6270640,0,38,128
6270744,0,37,126
6270848,0,28,110
6270952,0,46,143
6271019,0,44,118
6271123,0,36,118
6271227,0,25,105
6271435,0,31,130
6271539,0,26,107
6271747,0,33,121
6271851,0,38,130
6272022,0,44,147
6272126,0,44,134
6272334,0,41,131
6272438,0,43,138
6272542,0,22,107
6272646,0,37,135
6272854,0,34,116
6273025,0,28,108
6273129,0,22,108
6273337,0,29,114
6273441,0,43,136
6273545,0,30,114
6273961,0,31,108
6274444,0,34,122
6274652,0,31,114
6274756,0,43,141
6274860,0,36,116
6274964,0,47,142
6275447,0,52,159
6275759,0,42,127
6275863,0,57,148
6275967,0,30,113
6276034,0,52,144
6276138,0,21,95
6276242,0,51,146
6276346,0,35,118
6276450,0,51,155
6276658,0,45,143
6276866,0,32,108
6276970,0,16,86
6277141,0,42,135
6277245,0,38,124
6277349,0,35,126
6277453,0,34,114
6277557,0,48,145
6277661,0,29,112
6277765,0,36,122
6277869,0,35,121
6277973,0,28,106
6278040,0,23,103
6300107,0,52,154
6300315,0,58,163
6300419,0,46,137
6300523,0,57,148
6300627,0,64,162
6300835,0,32,112
6300939,0,31,119
6301006,0,48,134
6301110,0,33,113
6301214,0,55,157
6301318,0,37,128
6301422,0,50,151
6301526,0,43,135
6301630,0,73,175
6301734,0,23,98
6302009,0,34,121
6302113,0,38,126
6302217,0,19,99
6302425,0,40,120
6302529,0,37,131
6302633,0,38,125
6302737,0,37,120
6302841,0,31,115
6302945,0,44,132
6303012,0,26,103
6303116,0,80,183
6303220,0,49,136
6303324,0,57,142
6303428,0,56,139
6303532,0,37,115
6303636,0,38,128
6303740,0,26,98
6303844,0,37,121
6303948,0,108,235
6304015,0,43,133
6304119,0,28,107
6304223,0,23,102
6304327,0,20,94
6304431,0,29,103
6304535,0,53,141
6304639,0,30,109
6304743,0,43,132
6304847,0,29,114
6304951,0,39,125
6305018,0,33,118
6305122,0,36,125
6305226,0,60,157
6305434,0,46,145
6305538,0,25,108
6305642,0,34,118
6305746,0,63,169
6305850,0,51,157
6305954,0,48,144
6306021,0,30,115
6306125,0,28,106
6306333,0,32,122
6306437,0,39,125
6306541,0,29,109
6306749,0,34,102
6307232,0,34,110
6307336,0,21,96
6307440,0,25,108
6307544,0,21,97
6307648,0,31,112
6307752,0,34,119
6307856,0,36,118
6307960,0,55,157
6308027,0,31,116
6308131,0,5,85
6308339,0,29,110
6308443,0,39,134
6308547,0,20,98
6308651,0,75,183
6308755,0,32,104
6308859,0,29,108
6308963,0,36,125
6309030,0,64,167
6309134,0,19,98
6309238,0,38,128
6309342,0,29,117
6309446,0,30,110
6309758,0,38,127
6309862,0,38,124
6309966,0,47,131
6310109,0,43,129
6310213,0,51,147
6310317,0,37,119
6310421,0,35,120
6310525,0,28,114
6310629,0,38,122
6310733,0,40,130
6310941,0,47,132
6311320,0,62,173
6311632,0,44,134
6311736,0,45,138
6311840,0,41,141
6311944,0,26,118
6312115,0,29,119
6312323,0,39,134
6312427,0,37,135
6312531,0,22,97
6312739,0,28,110
6312843,0,23,111
6312947,0,36,121
6313014,0,23,107
6313118,0,39,129
6313222,0,32,122
6313326,0,43,146
6313638,0,28,110
6313742,0,70,154
6313846,0,46,133
6313950,0,34,115
6314017,0,48,126
6314329,0,34,110
6314433,0,25,104
6314537,0,50,148
6314641,0,45,140
6314849,0,57,167
6314953,0,46,138
6315020,0,58,154
6315228,0,38,133
6315332,0,37,119
6315540,0,49,134
6316231,0,47,129
6316335,0,41,124
6316647,0,37,112
6317026,0,34,115
6317130,0,28,110
6317234,0,38,129
6317442,0,40,129
6317650,0,27,114
6317754,0,45,137
6317858,0,32,118
6317962,0,41,128
6318029,0,42,137
6318237,0,24,105
6318341,0,38,128
6318653,0,38,124
6318757,0,37,125
6318861,0,38,127
6318965,0,38,140
6319136,0,35,118
6319240,0,56,151
6319344,0,34,119
6319448,0,45,137
6319552,0,43,137
6319656,0,47,145
6319760,0,38,125
6319864,0,43,135
6319968,0,30,116
6320007,0,40,141
6320111,0,24,109
6320215,0,39,133
6320319,0,30,119
6320423,0,26,109
6320527,0,22,99
6320631,0,61,168
6320839,0,25,115
6320943,0,28,102
6321010,0,32,122
6321114,0,23,102
6321218,0,39,132
6321322,0,58,146
6321426,0,53,153
6321530,0,17,104
6321634,0,31,110
6321738,0,68,191
6322013,0,30,107
6322117,0,67,169
6322429,0,38,131
6322637,0,40,122
6322741,0,26,104
6322845,0,51,144
6322949,0,32,122
6323016,0,43,129
6323120,0,20,93
6323224,0,35,120
6323328,0,51,146
6323432,0,33,119
6323536,0,38,124
6323744,0,24,105
6323848,0,30,113
6323952,0,32,121
6324019,0,28,109
6324123,0,34,123
6324227,0,48,169
6324331,0,14,100
6324435,0,28,118
6324539,0,65,197
6324643,0,28,110
6324747,0,40,132
6324851,0,25,108
6324955,0,39,132
6325022,0,32,120
6325126,0,40,126
6325750,0,33,124
6325854,0,36,127
6325958,0,39,140
6350117,0,18,87
6350221,0,24,105
6350429,0,35,122
6350533,0,40,124
6350637,0,67,171
6350741,0,36,115
6350845,0,33,111
6351016,0,41,133
6351120,0,22,100
6351224,0,50,134
6351328,0,55,139
6351640,0,20,84
6351744,0,31,120
6351848,0,33,115
6352019,0,40,118
6352435,0,36,128
6352539,0,34,117
6352643,0,20,96
6353126,0,33,115
6353230,0,46,135
6353334,0,46,128
6353438,0,37,116
6353542,0,40,126
6353646,0,34,117
6353750,0,27,105
6353854,0,30,100
6353958,0,53,142
6354025,0,37,116
6354129,0,36,124
6354233,0,29,107
6354337,0,20,105
6354441,0,44,129
6354545,0,49,134
6354649,0,10,92
6354753,0,45,132
6354857,0,38,135
6354961,0,39,128
6355028,0,45,140
6355132,0,26,106
6355548,0,34,122
6355652,0,36,127
6355756,0,26,116
6355964,0,67,173
6356135,0,41,151
6356239,0,37,134
6356343,0,43,136
6356447,0,56,150
6356655,0,38,123
6356759,0,27,108
6356967,0,19,93
6357034,0,33,122
6357138,0,30,121
6357242,0,32,118
6357346,0,35,124
6357450,0,32,126
6357554,0,34,126
6357658,0,34,133
6357762,0,27,113
6357866,0,24,103
6357970,0,33,113
6358037,0,28,112
6358349,0,28,109
6358557,0,40,133
6358765,0,45,143
6358869,0,47,145
6358973,0,23,110
6359040,0,44,132
6359144,0,28,105
6359248,0,41,130
6360119,0,26,106
6360327,0,43,136
6360431,0,26,102
6360535,0,43,131
6360639,0,57,149
6360743,0,58,146
6360847,0,30,113
6360951,0,40,133
6361018,0,22,101
6361122,0,32,104
6361226,0,52,145
6361330,0,52,143
6361434,0,33,127
6361538,0,79,193
6361746,0,56,153
6361850,0,31,106
6361954,0,71,166
6362021,0,37,128
6362125,0,40,117
6362229,0,36,119
6362333,0,43,140
6362437,0,27,104
6362541,0,87,223
6362645,0,29,103
6362749,0,32,109
6362853,0,53,145
6363024,0,55,160
6363128,0,42,128
6363544,0,46,138
6363648,0,31,125
6363752,0,38,127
6363856,0,33,114
6363960,0,17,95
6364027,0,23,108
6364131,0,39,130
6364235,0,25,107
6364547,0,30,119
6364755,0,29,115
6364859,0,31,124
6364963,0,27,102
6365030,0,47,139
6365134,0,35,136
6365238,0,36,122
6365342,0,42,132
6365446,0,26,100
6365550,0,31,120
6365758,0,44,146
6365862,0,46,135
6365966,0,33,127
6366033,0,48,147
6366137,0,39,130
6366241,0,44,136
6366345,0,40,130
6366449,0,28,117
6366657,0,39,130
6366865,0,44,124
6366969,0,36,112
6367036,0,25,110
6367140,0,31,121
6367244,0,26,108
6367452,0,39,131
6367556,0,39,132
6367660,0,26,114
6367764,0,41,139
6367868,0,51,155
6367972,0,49,157
6368039,0,8,82
6368455,0,66,181
6368559,0,56,152
6368663,0,56,159
6368767,0,59,144
6368871,0,37,115
6368975,0,33,113
6369042,0,26,98
6369146,0,22,93
6369250,0,64,192
6369354,0,60,151
6369770,0,43,135
6369874,0,41,130
6369978,0,12,95
6370017,0,47,130
6370121,0,52,144
6370225,0,36,119
6370329,0,40,133
6370433,0,37,121
6370537,0,48,154
6370641,0,62,160
6370953,0,30,112
6371020,0,26,111
6371124,0,45,136
6371228,0,29,104
6371332,0,27,106
6371436,0,51,154
6371540,0,17,98
6371644,0,39,131
6371748,0,42,145
6371852,0,31,115
6371956,0,31,130
6372023,0,47,145
6372231,0,34,110
6372335,0,48,148
6372439,0,27,119
6372543,0,46,141
6372855,0,69,187
6372959,0,55,148
6373026,0,39,129
6373130,0,35,122
6373338,0,31,110
6373442,0,19,94
6373546,0,7,97
6373650,0,34,119
6373754,0,36,121
6373962,0,30,114
6374029,0,22,102
6400108,0,27,118
6400628,0,37,117
6400732,0,27,100
6400836,0,40,117
6400940,0,40,122
6401111,0,44,142
6401215,0,49,142
6401319,0,52,165
6401423,0,39,132
6401527,0,46,139
6401631,0,47,136
6401943,0,33,117
6402010,0,75,165
6402322,0,40,122
6402426,0,45,139
6402530,0,41,131
6402634,0,40,124
6402738,0,32,126
6402842,0,47,136
6402946,0,52,136
6403013,0,37,117
6403117,0,35,118
6403221,0,52,149
6403325,0,58,162
6403429,0,43,126
6403533,0,35,117
6403637,0,34,110
6403741,0,32,116
6403845,0,36,127
6403949,0,53,145
6404016,0,28,106
6404120,0,38,124
6404224,0,32,116
6404328,0,37,120
6404432,0,35,121
6404640,0,51,149
6404952,0,62,157
6405019,0,27,110
6405123,0,69,186
6405227,0,31,120
6405331,0,26,109
6405435,0,27,112
6405539,0,32,116
6405643,0,44,137
6405747,0,43,126
6405851,0,30,112
6405955,0,32,116
6406022,0,37,130
6406126,0,40,130
6406230,0,8,88
6406334,0,57,160
6406438,0,31,116
6406542,0,54,150
6406646,0,20,100
6406750,0,32,114
6407025,0,43,142
6407129,0,62,179
6407337,0,43,137
6407441,0,50,146
6407545,0,25,104
6408028,0,24,96
6408132,0,20,100
6408236,0,33,121
6408340,0,25,103
6408444,0,40,134
6408756,0,35,120
6408860,0,53,159
6408964,0,32,122
6409135,0,44,130
6409239,0,39,136
6409343,0,44,143
6409447,0,21,94
6409551,0,24,105
6409863,0,27,114
6409967,0,55,159
6410006,0,43,145
6410422,0,65,172
6410526,0,41,130
6410630,0,46,141
6410734,0,37,120
6411009,0,25,106
6411113,0,14,87
6411217,0,32,110
6411321,0,26,114
6411425,0,27,105
6411529,0,38,123
6412012,0,44,150
6412116,0,44,138
6412220,0,45,133
6412324,0,57,154
6412428,0,57,156
6412532,0,58,152
6412844,0,28,112
6412948,0,41,127
6413015,0,24,107
6413119,0,28,110
6413223,0,29,114
6413327,0,5,88
6413431,0,40,134
6413535,0,45,129
6413639,0,41,119
6413743,0,41,129
6413847,0,42,137
6413951,0,27,107
6414018,0,43,137
6414122,0,41,132
6414226,0,49,149
6414330,0,31,117
6414538,0,31,109
6414642,0,55,149
6414746,0,50,147
6414850,0,49,147
6414954,0,52,140
6415125,0,31,123
6415229,0,31,121
6415541,0,22,103
6415645,0,17,98
6415853,0,38,125
6415957,0,37,122
6416024,0,50,149
6416128,0,28,113
6416232,0,32,120
6416336,0,21,110
6416544,0,24,99
6416648,0,24,104
6416752,0,39,127
6416856,0,14,85
6416960,0,49,147
6417131,0,34,125
6417235,0,32,116
6417339,0,33,123
6417547,0,34,123
6417651,0,38,124
6417755,0,37,135
6417859,0,25,116
6417963,0,29,115
6418030,0,26,114
6418134,0,33,120
6418238,0,38,133
6418342,0,34,122
6418446,0,31,109
6418550,0,28,118
6418654,0,23,99
6418758,0,69,162
6418862,0,17,111
6418966,0,44,141
6419033,0,39,131
6419137,0,26,114
6419241,0,24,118
6419345,0,40,138
6419449,0,32,119
6419553,0,23,105
6419657,0,26,118
6419761,0,65,174
6419865,0,28,130
6419969,0,29,116
6420008,0,53,134
6420112,0,32,115
6420216,0,45,135
6420424,0,50,144
6420528,0,32,120
6420632,0,38,127
6420736,0,32,120
6420840,0,55,153
6420944,0,43,131
6421011,0,29,112
6421115,0,40,137
6421635,0,25,101
6421739,0,35,130
6421843,0,46,140
6421947,0,35,124
6422014,0,32,130
6422118,0,31,121
6422222,0,9,82
6422430,0,23,101
6422534,0,44,135
6422638,0,40,141
6422742,0,35,125
6450118,0,51,135
6450222,0,59,146
6450326,0,37,125
6450430,0,32,116
6450534,0,48,131
6450638,0,19,102
6450846,0,64,160
6450950,0,29,105
6451017,0,45,151
6451121,0,25,112
6451225,0,22,105
6451433,0,75,180
6451537,0,42,130
6451953,0,45,140
6452020,0,43,131
6452124,0,33,123
6452228,0,31,109
6452332,0,38,124
6452436,0,45,137
6452540,0,65,166
6452748,0,31,111
6452956,0,34,119
6453023,0,47,142
6453127,0,38,124
6453231,0,26,109
6453335,0,33,114
6453439,0,37,130
6453543,0,65,163
6453647,0,21,101
6453751,0,32,119
6453855,0,43,133
6454026,0,40,125
6454130,0,20,83
6454234,0,23,93
6454338,0,30,96
6454442,0,33,113
6454546,0,32,121
6454650,0,35,122
6454754,0,30,106
6454858,0,47,146
6454962,0,28,109
6455029,0,27,110
6455133,0,30,109
6455237,0,43,134
6455341,0,29,112
6455445,0,39,132
6455549,0,45,133
6455653,0,17,100
6455757,0,43,135
6455861,0,41,134
6455965,0,46,146
6456032,0,35,121
6456136,0,36,135
6456240,0,33,121
6456344,0,69,207
6456448,0,22,102
6456552,0,75,174
6456656,0,39,133
6456760,0,42,132
6456968,0,37,123
6457139,0,31,117
6457243,0,45,140
6457347,0,40,130
6457659,0,30,112
6457763,0,34,103
6457867,0,45,141
6457971,0,33,120
6458246,0,28,114
6458454,0,34,121
6458558,0,32,124
6458662,0,30,119
6458766,0,39,135
6458870,0,46,135
6458974,0,30,121
6459041,0,27,115
6459249,0,32,125
6459353,0,37,114
6459457,0,31,113
6459561,0,35,135
6459665,0,35,121
6459873,0,40,146
6460120,0,33,123
6460224,0,93,206
6460328,0,27,108
6460432,0,31,112
6460848,0,32,117
6460952,0,55,151
6461019,0,57,144
6461123,0,68,162
6461227,0,39,131
6461331,0,54,150
6461435,0,62,161
6461539,0,52,136
6461851,0,25,107
6461955,0,47,144
6462022,0,19,94
6462126,0,29,110
6462230,0,21,102
6462334,0,48,143
6462438,0,32,130
6462542,0,36,128
6462750,0,52,149
6462854,0,47,142
6462958,0,34,121
6463025,0,31,126
6463129,0,29,107
6463233,0,27,103
6463337,0,38,126
6463441,0,29,118
6463545,0,56,153
6463649,0,34,120
6463753,0,34,122
6463857,0,36,120
6463961,0,27,118
6464028,0,55,155
6464236,0,33,119
6464548,0,32,121
6464652,0,25,111
6464860,0,36,127
6465031,0,30,108
6465135,0,44,140
6465239,0,34,124
6465343,0,41,132
6465551,0,32,124
6465655,0,37,134
6465863,0,30,116
6466138,0,41,145
6466242,0,18,89
6466346,0,30,113
6466450,0,16,94
6466658,0,33,122
6466762,0,42,133
6466866,0,36,129
6466970,0,39,131
6467141,0,41,124
6467245,0,58,135
6467349,0,31,113
6467557,0,36,120
6467661,0,36,127
6467765,0,58,139
6467869,0,34,117
6467973,0,37,131
6468040,0,50,142
6468144,0,69,163
6468248,0,35,117
6468352,0,53,142
6468456,0,43,133
6468560,0,41,122
6468768,0,46,131
6468872,0,23,105
6468976,0,16,101
6469043,0,19,96
6469251,0,32,119
6469355,0,20,97
6469459,0,26,106
6469667,0,43,138
6469771,0,30,116
6469875,0,48,140
6470122,0,38,133
6470226,0,50,149
6470330,0,64,190
6470434,0,46,149
6470538,0,24,117
6470850,0,31,125
6470954,0,27,106
6471125,0,41,132
6471229,0,29,116
6471333,0,29,114
6471437,0,33,126
6471541,0,46,143
9000021,0,50,140
9000033,0,85,206
9000080,0,37,132
9999999,0,53,140
