0000024,1,52,82
0000035,1,61,91
0000036,1,31,63
0000037,1,60,92
0000038,1,60,91
0000039,1,36,71
0000040,1,47,77
0000041,1,41,70
0000042,1,23,52
0000043,1,80,111
0000044,1,64,96
0000045,1,53,82
0000046,1,42,73
0000047,1,58,89
0000048,1,43,75
0000049,1,54,87
0000050,1,75,105
0000051,1,60,91
0000052,1,59,89
0000053,1,72,102
0000054,1,80,113
0000055,1,62,94
0000056,1,54,86
0000057,1,43,74
0000058,1,47,78
0000059,1,71,102
0000060,1,52,83
0000061,1,56,86
0000062,1,70,99
0000063,1,79,113
0000064,1,49,77
0000065,1,52,83
0000066,1,67,104
0000067,1,48,81
0000068,1,70,99
0000069,1,41,71
0000070,1,53,81
0000071,1,57,89
0000072,1,49,79
0000073,1,47,79
0000074,1,76,108
0000075,1,63,97
1000001,1,104,131
1000002,1,76,107
1000003,1,22,46
1000004,1,18,48
1000005,1,55,87
1000006,1,52,83
1000007,1,54,82
1000008,1,34,60
1000009,1,66,94
1000015,1,30,61
1000016,1,21,43
1000018,1,25,53
1000019,1,41,67
1000020,1,18,42
1000023,1,32,55
1000024,1,26,52
1000025,1,19,47
1000026,1,49,77
1000027,1,57,86
1000052,1,22,51
1000053,1,12,42
1000054,1,54,86
1000056,1,10,39
1000057,1,40,78
1000061,1,50,80
1000062,1,45,74
1000063,1,9,34
1000064,1,73,104
1000066,1,15,44
1000067,1,39,69
1000068,1,46,76
1000069,1,79,110
1000071,1,42,71
1000073,1,14,46
1000074,1,45,75
1000075,1,38,64
1000076,1,96,122
1000077,1,17,46
1000078,1,19,46
1000079,1,34,64
1000080,1,46,77
1000081,1,67,101
1000082,1,70,101
1000083,1,29,58
1000084,1,33,60
1000086,1,31,61
1000087,1,21,51
1000088,1,24,50
1000089,1,61,94
1000090,1,33,59
1000091,1,46,75
1000094,1,40,73
1000095,1,58,83
1000096,1,13,40
1000097,1,115,148
1000098,1,52,86
1000099,1,57,87
1000100,1,29,58
1000103,1,51,81
1000104,1,19,50
1000105,1,27,57
1000106,1,34,64
1000107,1,85,114
1000109,1,31,60
1000114,1,27,58
1000115,1,58,82
1000116,1,19,45
1000117,1,10,36
1000118,1,45,74
1000119,1,38,62
1000120,1,51,78
1000121,1,38,69
1000122,1,41,73
1000123,1,9,41
1000124,1,39,69
1000125,1,3,38
1000126,1,7,38
1000127,1,13,43
1000128,1,15,48
1000131,1,54,79
1000132,1,31,62
1000133,1,3,28
1000134,1,28,59
1000135,1,25,55
1000136,1,45,76
1000139,1,54,87
1000140,1,31,60
1000141,1,43,75
1000142,1,21,50
1000145,1,66,95
1000146,1,43,72
1000147,1,63,93
1000148,1,52,81
1000149,1,59,88
1000170,1,27,53
1000171,1,56,83
1000172,1,61,95
1000173,1,28,58
1000176,1,38,64
1000178,1,58,86
1000192,1,21,51
1000193,1,55,86
1000200,1,58,90
1000201,1,20,50
1000202,1,40,70
1000203,1,10,36
1000205,1,37,65
1000206,1,36,67
1000207,1,40,68
1000208,1,51,78
1000209,1,38,67
1000211,1,61,91
1000213,1,71,103
1000214,1,15,44
1000215,1,9,36
1000216,1,36,66
1000217,1,35,61
1000218,1,13,37
1000219,1,17,40
1000220,1,103,134
1000221,1,94,118
1000223,1,26,53
1000224,1,36,67
1000226,1,36,61
1000227,1,62,97
1000228,1,34,61
1000229,1,3,29
1000230,1,58,89
1000231,1,35,65
1000233,1,25,52
1000234,1,68,97
1000235,1,48,78
1000236,1,22,51
1000239,1,49,81
1000240,1,9,37
1000242,1,24,52
1000243,1,81,111
1000244,1,54,83
1000300,1,49,83
1000301,1,20,48
1000304,1,66,92
1000306,1,58,85
1000307,1,47,80
1000308,1,50,83
1000310,1,47,75
1000311,1,39,70
1000312,1,30,59
1000314,1,13,43
1000315,1,35,63
1000317,1,85,112
1000318,1,52,81
1000319,1,122,151
1000320,1,33,65
1000322,1,47,76
1000323,1,47,76
1000324,1,7,39
1000325,1,31,63
1000326,1,47,79
1000329,1,40,71
1000330,1,29,55
1000331,1,9,37
1000332,1,26,58
1000333,1,15,36
1000335,1,25,55
1000336,1,16,44
1000337,1,25,54
1000338,1,22,50
1000339,1,69,104
1000343,1,18,50
1000345,1,38,65
1000346,1,37,60
1000347,1,44,72
1000450,1,67,99
1000451,1,60,90
1000452,1,27,56
1000453,1,44,69
1000455,1,3,32
1000456,1,27,57
1000457,1,20,48
1000458,1,13,42
1000459,1,49,83
1000460,1,45,78
1000461,1,53,81
1000462,1,81,120
1000464,1,19,47
1000466,1,49,78
1000467,1,37,67
1000468,1,18,47
1000472,1,31,59
1000474,1,35,66
1000475,1,46,79
1000477,1,40,66
1000478,1,70,98
1000479,1,26,53
1000500,1,31,57
1000501,1,9,34
1000502,1,61,95
1000503,1,50,79
1000504,1,43,70
1000505,1,11,35
1000508,1,12,41
1000509,1,52,76
1000511,1,51,81
1000514,1,7,33
1000516,1,34,63
1000517,1,54,83
1000518,1,39,67
1000520,1,46,75
1000521,1,39,65
1000522,1,37,62
1000523,1,34,60
1000525,1,52,81
1000526,1,22,52
1000527,1,48,80
1000528,1,69,101
1000529,1,26,56
1000531,1,23,51
1000532,1,30,53
1000533,1,13,33
1000534,1,56,83
1000535,1,32,57
1000537,1,51,83
1000538,1,57,86
1000539,1,31,61
1000540,1,50,82
1000541,1,0,30
1000542,1,23,51
1000544,1,35,62
1000545,1,25,55
1000546,1,72,102
1000547,1,27,53
1000548,1,19,47
1000549,1,20,46
1000550,1,39,68
1000551,1,49,80
1000553,1,51,81
1000554,1,53,79
1000555,1,78,113
1000556,1,42,76
1000557,1,79,108
1000558,1,53,83
1000559,1,59,87
1000560,1,46,69
1000561,1,67,99
1000562,1,10,37
1000563,1,30,61
1000564,1,28,59
1000565,1,4,32
1000568,1,0,28
1000570,1,30,57
1000572,1,33,63
1000573,1,12,41
1000574,1,37,69
1000575,1,18,47
1000577,1,25,50
1000578,1,40,69
1000579,1,61,91
1000581,1,18,49
1000582,1,13,40
1000583,1,66,97
1000584,1,33,64
1000585,1,106,135
1000586,1,54,87
1000587,1,50,81
1000588,1,56,86
1000589,1,50,82
1000590,1,46,77
1000591,1,19,56
1000592,1,59,92
1000593,1,1,27
1000594,1,60,89
1000595,1,25,56
1000596,1,39,71
1000597,1,27,62
1000598,1,11,39
1000599,1,7,36
1000800,1,38,67
1000801,1,40,73
1000803,1,131,160
1000804,1,89,123
1000805,1,52,76
1000806,1,15,41
1000807,1,61,90
1000808,1,65,90
1000809,1,57,87
1000810,1,62,89
1000811,1,59,84
1000813,1,30,59
1000814,1,48,75
1000815,1,20,47
1000816,1,51,79
1000817,1,43,71
1000818,1,66,95
1000819,1,40,66
1000820,1,50,80
1000822,1,38,64
1000826,1,140,170
1000827,1,56,86
1000828,1,73,101
1000829,1,23,53
1000831,1,94,124
1000832,1,46,75
1000833,1,1,28
1000834,1,40,68
1000835,1,21,51
1000836,1,6,34
1000837,1,24,55
1000838,1,13,41
1000839,1,46,74
1000844,1,28,53
1000845,1,124,154
1000846,1,11,40
1000848,1,35,63
1000849,1,5,34
1000951,1,76,109
1000970,1,31,61
1000971,1,42,71
1000972,1,32,63
1000973,1,57,86
1000974,1,30,62
2000000,1,56,84
2000001,1,63,96
2000003,1,29,57
2000004,1,34,58
2000005,1,61,90
2000010,1,90,132
2000014,1,46,76
2000015,1,58,91
2000016,1,37,62
2000017,1,59,91
2000018,1,8,36
2000021,1,21,52
2000022,1,41,71
2000024,1,21,49
2000026,1,54,85
2000027,1,42,68
2000028,1,44,74
2000029,1,43,73
2000030,1,47,79
2000031,1,73,102
2000033,1,30,57
2000035,1,59,87
2000036,1,19,44
2000038,1,47,76
2000039,1,40,72
2000040,1,20,43
2000042,1,19,45
2000043,1,37,71
2000044,1,50,78
2000045,1,21,49
2000046,1,27,47
2000047,1,41,73
2000048,1,50,81
2000050,1,26,54
2000051,1,31,60
2000052,1,42,71
2000054,1,15,44
2000055,1,7,35
2000056,1,29,60
2000058,1,37,69
2000059,1,50,80
2000060,1,42,75
2000061,1,41,70
2000062,1,40,69
2000063,1,19,43
2000065,1,25,53
2000068,1,23,53
2000069,1,32,60
2000070,1,20,45
2000071,1,40,70
2000072,1,63,88
2000073,1,32,54
2000074,1,90,119
2000075,1,47,77
2000076,1,57,88
2000085,1,78,105
2000089,1,11,31
2000091,1,57,86
2000092,1,35,60
2000093,1,54,88
2000094,1,17,43
2000096,1,35,69
2000097,1,6,32
2000098,1,37,69
2000099,1,67,98
2000100,1,34,65
2000101,1,38,71
2000102,1,55,86
2000103,1,25,56
2000104,1,51,82
2000109,1,23,47
2000111,1,55,87
2000112,1,19,49
2000113,1,21,50
2000114,1,50,80
2000115,1,44,76
2000116,1,35,64
2000117,1,6,35
2000118,1,34,63
2000119,1,36,68
2000120,1,42,70
2000123,1,26,55
2000127,1,21,62
2000128,1,26,57
2000129,1,47,76
2000131,1,22,50
2000132,1,51,83
2000133,1,41,76
2000134,1,33,64
2000135,1,31,62
2000136,1,25,53
2000137,1,17,46
2000138,1,38,68
2000139,1,8,36
2000140,1,54,87
2000142,1,19,50
2000150,1,42,68
2000151,1,61,87
2000152,1,43,73
2000153,1,27,56
2000154,1,38,67
2000155,1,36,57
2000157,1,36,65
2000158,1,34,65
2000159,1,48,78
2000161,1,38,67
2000162,1,70,102
2000166,1,2,30
2000167,1,18,46
2000169,1,47,74
2000170,1,18,39
2000174,1,29,64
2000178,1,21,49
2000180,1,14,44
2000181,1,43,75
2000182,1,22,54
2000188,1,29,64
2000191,1,37,66
2000192,1,32,62
2000193,1,67,95
2000195,1,35,62
2000198,1,16,43
2000199,1,31,61
2000200,1,46,69
2000202,1,8,38
2000203,1,15,42
2000206,1,87,119
2000207,1,56,86
2000209,1,28,56
2000210,1,9,37
2000211,1,46,78
2000213,1,21,50
2000214,1,39,69
2000215,1,24,51
2000216,1,27,54
2000218,1,20,49
2000219,1,21,53
2000221,1,20,48
2000222,1,2,28
2000223,1,15,45
2000224,1,38,70
2000226,1,28,58
2000227,1,33,62
2000236,1,17,42
2000237,1,74,102
2000239,1,46,76
2000240,1,0,31
2000242,1,74,104
2000243,1,27,54
2000245,1,30,59
2000246,1,27,58
2000247,1,55,79
2000248,1,51,84
2000250,1,10,37
2000252,1,30,61
2000253,1,55,85
2000257,1,30,58
2000258,1,23,49
2000259,1,46,79
2000263,1,48,77
2000266,1,21,50
2000267,1,28,64
2000268,1,16,40
2000269,1,34,66
2000270,1,46,72
2000271,1,44,72
2000272,1,55,84
2000273,1,25,52
2000274,1,39,64
2000275,1,10,37
2000276,1,40,64
2000281,1,44,75
2000282,1,24,52
2000283,1,56,88
2000284,1,16,47
2000287,1,4,31
2000289,1,15,42
2000292,1,18,47
2000300,1,51,81
2000301,1,17,44
2000302,1,16,43
2000303,1,32,62
2000304,1,40,70
2000305,1,31,62
2000308,1,13,42
2000310,1,44,71
2000311,1,40,71
2000316,1,48,79
2000317,1,41,67
2000325,1,26,60
2000326,1,23,55
2000327,1,39,62
2000328,1,44,72
2000329,1,20,51
2000330,1,34,58
2000331,1,23,57
2000332,1,16,41
2000333,1,12,40
2000334,1,26,54
2000336,1,9,36
2000338,1,50,80
2000339,1,37,68
2000340,1,2,30
2000341,1,6,35
2000342,1,21,53
2000345,1,35,56
2000346,1,9,33
2000347,1,26,59
2000348,1,18,53
2000349,1,0,32
2000350,1,9,35
2000351,1,32,60
2000352,1,15,39
2000353,1,15,44
2000354,1,15,44
2000355,1,45,75
2000356,1,24,49
2000358,1,15,48
2000359,1,12,41
2000362,1,8,40
2000363,1,16,47
2000364,1,81,110
2000365,1,9,34
2000366,1,7,37
2000367,1,6,36
2000368,1,27,59
2000369,1,26,53
2000371,1,34,65
2000372,1,19,47
2000373,1,20,51
2000374,1,21,48
2000375,1,48,75
2000376,1,31,60
2000377,1,7,42
2000379,1,16,44
2000380,1,26,57
2000382,1,29,53
2000383,1,24,52
2000384,1,37,68
2000385,1,50,79
2000386,1,43,71
2000387,1,19,49
2000388,1,1,28
2000389,1,14,44
2000390,1,14,42
2000391,1,12,43
2000392,1,12,42
2000393,1,5,35
2000394,1,27,55
2000395,1,30,65
2000396,1,34,63
2000397,1,18,45
2000399,1,23,52
2000402,1,14,46
2000404,1,21,54
2000406,1,16,44
2000407,1,43,78
2000408,1,29,60
2000409,1,15,43
2000410,1,30,60
2000411,1,5,36
2000412,1,37,64
2000413,1,24,52
2000414,1,20,49
2000415,1,22,57
2000418,1,22,54
2000419,1,42,70
2000420,1,35,61
2000421,1,20,51
2000422,1,14,44
2000423,1,41,68
2000424,1,17,44
2000425,1,20,46
2000428,1,30,63
2000429,1,18,47
2000430,1,42,69
2000431,1,37,66
2000432,1,16,43
2000433,1,29,60
2000434,1,8,41
2000435,1,51,85
2000436,1,23,50
2000437,1,6,32
2000440,1,10,38
2000441,1,26,53
2000445,1,37,68
2000446,1,46,76
2000447,1,36,69
2000448,1,10,39
2000452,1,21,53
2000453,1,6,35
2000454,1,29,60
2000455,1,26,57
2000456,1,11,33
2000457,1,22,49
2000458,1,17,48
2000460,1,10,35
2000461,1,14,42
2000464,1,12,44
2000465,1,20,49
2000466,1,13,41
2000467,1,16,43
2000468,1,19,48
2000469,1,27,55
2000471,1,24,54
2000472,1,10,40
2000473,1,26,57
2000474,1,25,58
2000476,1,10,39
2000477,1,18,52
2000479,1,16,46
2000480,1,11,45
2000481,1,24,52
2000482,1,10,37
2000483,1,5,32
2000484,1,10,40
2000485,1,17,47
2000486,1,8,38
2000487,1,20,51
2000489,1,33,60
2000492,1,34,62
2000495,1,24,60
2000497,1,35,68
2000498,1,19,49
2000499,1,28,59
2000501,1,19,48
2000502,1,40,71
2000503,1,29,59
2000504,1,23,52
2000505,1,12,44
2000506,1,22,47
2000517,1,29,61
2000518,1,36,62
2000521,1,58,88
2000523,1,20,52
2000524,1,21,51
2000526,1,10,36
2000527,1,46,78
2000531,1,46,74
2000532,1,32,52
2000533,1,30,60
2000534,1,21,53
2000535,1,33,63
2000537,1,31,60
2000540,1,8,33
2000541,1,28,58
2000542,1,24,53
2000543,1,69,100
2000544,1,28,56
2000545,1,18,47
2000547,1,28,59
2000552,1,8,41
2000553,1,37,70
2000555,1,69,101
2000556,1,41,72
2000557,1,7,34
2000558,1,6,33
2000559,1,44,80
2000560,1,30,65
2000561,1,31,63
2000562,1,24,53
2000563,1,12,39
2000564,1,28,53
2000567,1,23,49
2000568,1,28,60
2000570,1,35,69
2000571,1,36,63
2000572,1,33,60
2000573,1,30,61
2000574,1,70,101
2000575,1,20,50
2000576,1,29,61
2000578,1,17,45
2000579,1,14,41
2000581,1,44,74
2000582,1,59,90
2000583,1,32,59
2000584,1,8,34
2000588,1,25,58
2000589,1,42,71
2000590,1,31,59
2000591,1,25,52
2000592,1,32,63
2000593,1,11,33
2000594,1,52,86
2000595,1,27,54
2000597,1,49,77
2000598,1,33,68
2000601,1,34,66
2000603,1,29,56
2000604,1,44,74
2000605,1,50,81
2000606,1,48,80
2000607,1,79,108
2000608,1,63,94
2000609,1,22,47
2000610,1,24,55
2000611,1,59,90
2000612,1,12,38
2000613,1,10,34
2000616,1,34,61
2000617,1,63,92
2000618,1,46,76
2000620,1,38,71
2000621,1,60,92
2000622,1,39,70
2000623,1,27,56
2000625,1,46,77
2000626,1,24,55
2000629,1,38,62
2000630,1,45,77
2000636,1,31,59
2000637,1,41,70
2000640,1,15,45
2000641,1,24,49
2000642,1,31,58
2000643,1,6,37
2000644,1,19,48
2000645,1,37,66
2000646,1,17,47
2000650,1,33,63
2000652,1,38,68
2000653,1,24,49
2000654,1,19,50
2000655,1,32,62
2000656,1,25,55
2000657,1,34,58
2000658,1,54,82
2000659,1,32,61
2000660,1,30,56
2000661,1,27,57
2000662,1,51,80
2000663,1,37,65
2000664,1,36,68
2000665,1,24,53
2000669,1,20,53
2000670,1,27,52
2000672,1,39,69
2000674,1,31,63
2000675,1,44,79
2000676,1,59,93
2000677,1,58,87
2000679,1,42,77
2000680,1,48,79
2000681,1,20,52
2000682,1,40,70
2000683,1,36,67
2000684,1,38,67
2000685,1,25,50
2000691,1,40,69
2000692,1,25,50
2000693,1,35,63
2000694,1,41,67
2000695,1,24,51
2000696,1,41,68
2000697,1,34,63
2000698,1,37,68
2000699,1,48,77
2000700,1,38,67
2000702,1,45,75
2000703,1,44,73
2000704,1,30,58
2000706,1,40,68
2000708,1,39,66
2000709,1,41,67
2000711,1,63,98
2000712,1,41,71
2000713,1,56,84
2000714,1,68,101
2000715,1,48,78
2000716,1,49,75
2000717,1,49,81
2000718,1,53,82
2000719,1,62,91
2000721,1,44,71
2000723,1,58,92
2000724,1,38,68
2000728,1,37,69
2000730,1,33,64
2000731,1,40,71
2000732,1,61,93
2000733,1,50,78
2000734,1,33,68
2000736,1,39,68
2000737,1,30,58
2000738,1,31,58
2000739,1,13,41
2000743,1,9,34
2000744,1,43,69
2000745,1,42,68
2000746,1,52,81
2000747,1,31,60
2000748,1,67,99
2000749,1,59,89
2000791,1,51,85
3000000,1,65,95
3000001,1,43,73
3000003,1,26,53
3000004,1,8,34
3000006,1,34,64
3000010,1,38,69
3000011,1,16,32
3000012,1,52,79
3000013,1,49,76
3000014,1,35,61
3000015,1,40,65
3000016,1,46,82
3000018,1,29,56
3000019,1,52,84
3000021,1,17,49
3000026,1,30,60
3000027,1,25,53
3000030,1,31,60
3000034,1,44,74
3000036,1,37,65
3000037,1,36,66
3000038,1,17,47
3000040,1,37,65
3000041,1,32,65
3000043,1,38,65
3000045,1,32,62
3000046,1,50,82
3000048,1,25,53
3000049,1,16,48
3000051,1,14,46
3000053,1,42,71
3000054,1,22,54
3000055,1,15,37
3000056,1,24,56
3000057,1,40,70
3000059,1,23,53
3000062,1,14,43
3000063,1,37,68
3000064,1,35,67
3000065,1,24,56
3000066,1,38,70
3000067,1,29,54
3000068,1,51,77
3000069,1,22,53
3000070,1,38,65
3000071,1,45,69
3000072,1,44,74
3000073,1,15,43
3000074,1,40,69
3000075,1,48,85
3000077,1,44,74
3000078,1,14,40
3000079,1,3,27
3000081,1,43,72
3000083,1,22,46
3000084,1,41,72
3000085,1,29,57
3000086,1,22,54
3000087,1,47,79
3000088,1,41,69
3000089,1,22,50
3000090,1,35,66
3000092,1,73,104
3000093,1,25,47
3000097,1,46,80
3000098,1,58,87
3000099,1,22,50
3000101,1,38,68
3000105,1,20,52
3000106,1,17,43
3000107,1,16,44
3000108,1,5,31
3000110,1,23,53
3000112,1,18,46
3000113,1,13,43
3000114,1,31,58
3000116,1,26,57
3000117,1,28,56
3000126,1,24,54
3000127,1,22,50
3000128,1,58,87
3000129,1,50,79
3000135,1,31,59
3000136,1,19,46
3000138,1,35,62
3000139,1,24,54
3000140,1,34,62
3000142,1,26,54
3000144,1,35,64
3000145,1,75,107
3000146,1,40,69
3000148,1,53,94
3000150,1,8,35
3000151,1,31,59
3000152,1,7,31
3000155,1,22,51
3000156,1,4,32
3000157,1,15,42
3000158,1,23,50
3000161,1,16,46
3000162,1,36,67
3000163,1,26,55
3000164,1,34,62
3000165,1,29,56
3000166,1,20,48
3000170,1,28,60
3000171,1,34,64
3000172,1,9,36
3000173,1,21,50
3000179,1,0,31
3000180,1,69,102
3000181,1,33,65
3000182,1,49,75
3000185,1,38,73
3000186,1,23,49
3000189,1,13,41
3000190,1,42,71
3000191,1,30,58
3000192,1,20,42
3000196,1,25,55
3000197,1,32,63
3000198,1,9,40
3000199,1,20,44
3000205,1,19,44
3000210,1,19,51
3000211,1,32,63
3000212,1,50,79
3000213,1,39,69
3000214,1,17,45
3000215,1,25,50
3000216,1,10,35
3000217,1,32,60
3000218,1,51,78
3000219,1,69,93
3000220,1,20,52
3000221,1,41,71
3000224,1,48,75
3000225,1,9,39
3000227,1,23,52
3000228,1,9,35
3000232,1,13,39
3000234,1,36,62
3000235,1,60,85
3000236,1,19,50
3000237,1,37,65
3000239,1,38,67
3000240,1,10,41
3000241,1,34,64
3000242,1,48,79
3000245,1,24,56
3000246,1,35,65
3000247,1,19,50
3000248,1,42,74
3000249,1,38,67
3000250,1,14,41
3000251,1,24,54
3000252,1,24,56
3000253,1,5,31
3000254,1,44,66
3000255,1,5,32
3000261,1,30,62
3000262,1,22,57
3000263,1,28,60
3000265,1,14,42
3000268,1,20,48
3000269,1,19,44
3000270,1,22,50
3000272,1,23,54
3000273,1,19,47
3000274,1,10,40
3000275,1,34,65
3000276,1,13,43
3000280,1,16,47
3000281,1,3,26
3000282,1,15,48
3000284,1,31,58
3000286,1,16,47
3000287,1,23,55
3000288,1,14,43
3000289,1,25,59
3000291,1,48,80
3000292,1,110,143
3000293,1,1,29
3000294,1,23,48
3000295,1,25,52
3000296,1,14,42
3000298,1,45,72
3000299,1,8,40
3000300,1,19,48
3000301,1,18,48
3000303,1,18,50
3000304,1,43,72
3000305,1,25,54
3000307,1,17,45
3000308,1,34,64
3000309,1,27,62
3000311,1,25,51
3000313,1,20,51
3000315,1,17,47
3000319,1,10,34
3000321,1,17,42
3000324,1,18,40
3000327,1,29,60
3000328,1,29,58
3000329,1,32,62
3000330,1,5,30
3000331,1,12,36
3000332,1,21,48
3000333,1,17,38
3000339,1,18,49
3000341,1,12,40
3000342,1,23,53
3000343,1,31,60
3000344,1,27,58
3000346,1,5,31
3000347,1,3,33
3000350,1,11,35
3000351,1,24,52
3000353,1,16,48
3000354,1,9,38
3000362,1,36,67
3000365,1,29,62
3000370,1,31,63
3000371,1,13,40
3000375,1,28,59
3000376,1,23,50
3000378,1,27,62
3000379,1,32,62
3000390,1,23,54
3000391,1,3,36
3000392,1,20,46
3000393,1,15,42
3000394,1,25,53
3000395,1,8,33
3000396,1,24,52
3000397,1,63,96
3000398,1,45,80
3000399,1,44,70
3000401,1,74,102
3000407,1,51,77
3000408,1,44,71
3000409,1,53,82
3000410,1,51,86
3000412,1,19,51
3000413,1,0,33
3000414,1,12,40
3000415,1,12,45
3000416,1,23,51
3000417,1,42,73
3000418,1,6,34
3000419,1,46,80
3000420,1,9,40
3000421,1,35,65
3000422,1,21,51
3000427,1,30,57
3000430,1,27,58
3000431,1,25,53
3000435,1,25,58
3000436,1,22,52
3000437,1,24,50
3000438,1,27,59
3000439,1,0,24
3000442,1,19,47
3000443,1,7,35
3000444,1,37,65
3000445,1,24,52
3000446,1,24,53
3000448,1,22,46
3000449,1,22,54
3000451,1,20,44
3000455,1,17,44
3000456,1,15,40
3000457,1,40,68
3000459,1,38,64
3000460,1,3,33
3000461,1,21,50
3000462,1,19,45
3000463,1,11,38
3000464,1,27,57
3000465,1,29,60
3000466,1,32,59
3000468,1,31,64
3000470,1,41,78
3000471,1,27,58
3000473,1,18,46
3000474,1,17,50
3000475,1,20,50
3000476,1,54,83
3000477,1,37,70
3000479,1,25,57
3000481,1,64,98
3000482,1,8,35
3000483,1,35,65
3000484,1,42,72
3000485,1,28,54
3000486,1,40,74
3000487,1,35,66
3000488,1,51,82
3000490,1,34,65
3000491,1,49,81
3000492,1,41,73
3000493,1,14,42
3000494,1,28,62
3000496,1,31,61
3000497,1,15,45
3000498,1,18,42
3000500,1,22,46
3000501,1,17,47
3000502,1,23,49
3000503,1,11,39
3000504,1,20,53
3000505,1,21,51
3000506,1,16,43
3000507,1,81,114
3000508,1,18,43
3000509,1,32,59
3000510,1,27,58
3000511,1,28,56
3000513,1,59,90
3000515,1,21,50
3000516,1,7,33
3000517,1,35,63
3000521,1,16,45
3000523,1,16,48
3000524,1,22,51
3000525,1,24,55
3000527,1,17,42
3000528,1,11,36
3000529,1,13,42
3000530,1,0,26
3000531,1,22,56
3000532,1,40,71
3000533,1,51,83
3000535,1,30,62
3000536,1,29,55
3000538,1,32,58
3000539,1,16,52
3000541,1,25,56
3000542,1,29,58
3000543,1,19,51
3000545,1,50,79
3000546,1,27,57
3000548,1,28,62
3000549,1,20,50
3000551,1,56,89
3000552,1,71,100
3000553,1,64,91
3000554,1,40,69
3000556,1,34,67
3000557,1,29,57
3000560,1,36,58
3000563,1,19,49
3000564,1,47,77
3000565,1,33,62
3000566,1,4,32
3000567,1,31,60
3000568,1,71,99
3000569,1,29,56
3000570,1,13,43
3000571,1,26,57
3000573,1,39,67
3000574,1,39,66
3000575,1,39,69
3000579,1,45,80
3000580,1,25,58
3000581,1,24,53
3000582,1,26,61
3000583,1,18,45
3000584,1,17,44
3000585,1,21,50
3000586,1,37,67
3000587,1,33,59
3000588,1,27,57
3000593,1,39,68
3000594,1,39,68
3000595,1,32,59
3000596,1,39,69
3000597,1,44,68
3000598,1,36,65
3000600,1,43,67
3000601,1,39,69
3000602,1,53,83
3000603,1,32,56
3000604,1,29,54
3000605,1,38,65
3000606,1,53,86
3000607,1,24,54
3000608,1,31,63
3000609,1,28,57
3000611,1,13,40
3000612,1,24,53
3000613,1,27,59
3000614,1,22,45
3000616,1,18,35
3000617,1,45,72
3000618,1,13,41
3000619,1,44,74
3000620,1,31,60
3000621,1,85,116
3000623,1,15,44
3000624,1,9,40
3000626,1,29,59
3000632,1,35,64
3000633,1,56,85
3000634,1,49,78
3000635,1,26,54
3000636,1,53,81
3000637,1,58,88
3000640,1,14,42
3000641,1,44,75
3000642,1,32,65
3000644,1,44,74
3000645,1,56,84
3000646,1,27,58
3000647,1,27,57
3000649,1,60,90
3000650,1,66,98
3000651,1,39,70
3000653,1,2,33
3000654,1,24,56
3000655,1,21,50
3000656,1,22,52
3000663,1,39,70
3000665,1,38,64
3000667,1,45,78
3000668,1,52,84
3000673,1,24,55
3000674,1,35,64
3000675,1,63,85
3000676,1,52,84
3000677,1,23,48
3000678,1,49,79
3000679,1,17,40
3000680,1,71,93
3000681,1,26,57
3000682,1,55,88
3000683,1,33,63
3000684,1,32,58
3000690,1,40,71
3000692,1,24,53
3000693,1,21,48
3000694,1,22,51
3000695,1,26,56
3000696,1,36,64
3000697,1,23,52
3000698,1,58,90
3000699,1,56,93
3000700,1,86,116
3000703,1,35,66
3000704,1,28,56
3000705,1,43,73
3000711,1,56,77
3000712,1,43,72
3000713,1,48,80
3000714,1,35,60
3000717,1,33,61
3000718,1,36,64
3000719,1,19,49
3000720,1,30,58
3000721,1,19,47
3000722,1,42,71
3000723,1,30,58
3000724,1,53,82
3000725,1,96,126
3000726,1,45,74
3000728,1,20,48
3000729,1,40,63
3000736,1,60,95
3000737,1,43,74
3000739,1,9,39
3000740,1,3,37
3000741,1,30,63
3000742,1,24,58
3000744,1,48,76
3000745,1,50,78
3000748,1,47,77
3000749,1,51,81
3000750,1,11,42
3000753,1,40,68
3000754,1,36,63
3000755,1,34,65
3000756,1,42,71
3000757,1,51,81
3000758,1,49,78
3000759,1,53,85
3000760,1,59,87
3000762,1,49,80
3000763,1,22,53
3000764,1,38,70
3000767,1,57,88
3000770,1,40,71
3000771,1,43,73
3000772,1,58,90
3000773,1,55,84
3000774,1,20,51
3000775,1,40,71
3000776,1,19,47
3000778,1,29,62
3000779,1,17,48
3000780,1,1,29
3000781,1,11,36
3000782,1,30,61
3000786,1,38,67
3000787,1,17,46
3000788,1,46,73
3000789,1,24,58
3000792,1,35,66
3000793,1,55,79
3000795,1,28,58
3000796,1,43,72
3000797,1,33,67
3000798,1,42,72
3000799,1,17,43
3000800,1,54,86
3000802,1,34,63
3000803,1,37,68
3000804,1,51,82
3000805,1,45,72
3000806,1,47,79
3000807,1,43,74
3000808,1,34,62
3000809,1,25,54
3000810,1,17,43
3000811,1,11,40
3000812,1,39,69
3000813,1,34,69
3000814,1,23,51
3000815,1,37,66
3000816,1,25,55
3000817,1,12,42
3000818,1,37,70
3000821,1,10,37
3000822,1,20,50
3000823,1,5,37
3000824,1,7,33
3000825,1,16,46
3000826,1,41,75
3000828,1,37,68
3000829,1,28,58
3000830,1,34,63
3000831,1,23,51
3000832,1,21,49
3000833,1,9,37
3000835,1,46,76
3000836,1,27,59
3000852,1,21,51
3000855,1,22,53
3000856,1,25,60
3000859,1,19,48
3000861,1,26,59
3000862,1,31,62
3000863,1,41,73
3000864,1,27,56
3000866,1,16,48
3000867,1,23,51
3000870,1,24,53
3000871,1,23,58
3000872,1,18,49
3000873,1,24,58
3000874,1,20,51
3000877,1,18,52
3000879,1,11,41
3000883,1,41,66
4000000,1,87,116
4000001,1,89,122
4000002,1,62,93
4000003,1,83,112
4000004,1,85,114
4000005,1,85,119
4000006,1,80,112
4000007,1,158,192
4000008,1,77,106
4000009,1,87,119
4000010,1,82,111
4000011,1,112,141
4000012,1,81,109
4000013,1,81,108
4000014,1,62,91
4000015,1,45,74
4000016,1,96,127
4000017,1,68,98
4000018,1,124,157
4000019,1,56,85
4000020,1,76,105
4000021,1,86,118
4000022,1,100,130
4000023,1,56,87
4000024,1,108,138
4000025,1,83,114
4000026,1,62,92
4000027,1,90,125
4000028,1,79,110
4000029,1,92,123
4000030,1,74,102
4000031,1,97,128
4000032,1,66,98
4000033,1,136,166
4000034,1,66,97
4000035,1,63,91
4000036,1,77,108
4000037,1,70,102
4000038,1,78,108
4000039,1,57,86
4000040,1,67,103
4000041,1,65,96
4000042,1,64,94
4000043,1,57,85
4000044,1,60,92
4000045,1,50,77
4000046,1,56,86
4000047,1,54,85
4000048,1,97,129
4000049,1,104,140
4000050,1,67,97
4000051,1,75,102
4000052,1,63,91
4000053,1,81,116
4000054,1,92,124
4000055,1,82,112
4000056,1,90,122
4000057,1,91,121
4000058,1,86,115
4000059,1,66,98
4000060,1,83,115
4000061,1,55,85
4000062,1,71,97
4000063,1,61,91
4000064,1,77,108
4000065,1,106,137
4000066,1,65,95
4000067,1,70,101
4000068,1,56,84
4000069,1,67,97
4000070,1,61,91
4000071,1,50,79
4000072,1,60,89
4000073,1,79,108
4000074,1,61,94
4000075,1,73,104
4000076,1,81,114
4000077,1,71,102
4000078,1,69,99
4000079,1,69,100
4000080,1,88,124
4000081,1,124,154
4000082,1,87,117
4000083,1,65,96
4000084,1,67,96
4000085,1,82,113
4000086,1,65,92
4000087,1,86,118
4000088,1,94,125
4000089,1,73,102
4000090,1,50,76
4000091,1,59,88
4000092,1,60,91
4000093,1,71,102
4000094,1,58,85
4000095,1,61,87
4000096,1,63,91
4000097,1,67,97
4000098,1,79,109
4000099,1,86,120
4000100,1,69,98
4000101,1,97,127
4000102,1,58,88
4000103,1,68,100
4000104,1,77,107
4000105,1,67,98
4000106,1,84,113
4000107,1,59,90
4000108,1,52,81
4000109,1,94,122
4000110,1,63,94
4000111,1,78,109
4000112,1,63,93
4000113,1,75,110
4000114,1,62,94
4000115,1,78,109
4000116,1,56,83
4000117,1,79,113
4000118,1,69,100
4000119,1,79,113
4000120,1,71,102
4000121,1,89,121
4000122,1,61,93
4000123,1,95,128
4000124,1,85,115
4000125,1,54,83
4000126,1,90,120
4000127,1,77,104
4000128,1,68,101
4000129,1,81,113
4000130,1,72,105
4000131,1,65,97
4000132,1,71,102
4000133,1,60,90
4000134,1,118,150
4000135,1,66,95
4000136,1,74,104
4000137,1,24,54
4000138,1,106,138
4000139,1,77,105
4000140,1,59,88
4000141,1,89,117
4000142,1,52,81
4000143,1,82,111
4000144,1,76,106
4000145,1,100,130
4000146,1,114,150
4000147,1,81,114
4000148,1,76,103
4000149,1,77,103
4000150,1,89,118
4000151,1,84,114
4000152,1,104,131
4000153,1,89,123
4000154,1,96,126
4000155,1,120,152
4000156,1,101,133
4000157,1,98,128
4000158,1,106,137
4000159,1,100,131
4000160,1,83,114
4000161,1,143,176
4000162,1,80,111
4000163,1,94,126
4000164,1,74,102
4000165,1,81,113
4000166,1,74,104
4000167,1,85,116
4000168,1,100,129
4000169,1,89,121
4000170,1,103,133
4000171,1,102,133
4000172,1,86,115
4000173,1,100,130
4000174,1,128,165
4000175,1,68,95
4000176,1,117,145
4000177,1,108,140
4000178,1,105,135
4000179,1,123,155
4000180,1,97,133
4000181,1,127,162
4000182,1,150,178
4000183,1,131,158
4000185,1,140,174
4000186,1,66,99
4000187,1,122,154
4000188,1,75,105
4000189,1,174,202
4000190,1,90,120
4000191,1,136,165
4000192,1,82,113
4000193,1,135,169
4000194,1,156,190
4000195,1,75,105
4000197,1,93,129
4000198,1,79,111
4000199,1,98,125
4000200,1,111,141
4000201,1,91,119
4000202,1,114,143
4000203,1,98,127
4000204,1,67,96
4000205,1,98,126
4000206,1,91,121
4000207,1,91,119
4000208,1,110,139
4000209,1,143,175
4000210,1,92,122
4000211,1,91,124
4000212,1,96,127
4000213,1,98,128
4000214,1,85,114
4000215,1,107,137
4000216,1,112,140
4000217,1,57,83
4000218,1,69,98
4000219,1,81,114
4000220,1,78,107
4000221,1,58,87
4000222,1,126,154
4000223,1,80,108
4000224,1,85,118
4000225,1,85,116
4000226,1,75,102
4000227,1,90,119
4000228,1,99,128
4000229,1,111,141
4000230,1,90,117
4000231,1,94,125
4000232,1,92,121
4000233,1,55,83
4000234,1,67,95
4000235,1,79,107
4000236,1,120,150
4000237,1,77,109
4000238,1,93,126
4000239,1,70,101
4000240,1,73,103
4000241,1,96,128
4000242,1,121,153
4000243,1,128,155
4000244,1,89,117
4000245,1,103,137
4000246,1,74,106
4000247,1,119,150
4000248,1,100,129
4000249,1,112,143
4000250,1,101,130
4000251,1,82,113
4000252,1,103,133
4000253,1,110,142
4000254,1,104,134
4000255,1,106,134
4000256,1,151,182
4000257,1,100,132
4000258,1,80,108
4000259,1,95,126
4000260,1,93,121
4000261,1,100,131
4000262,1,91,120
4000263,1,131,160
4000264,1,75,107
4000265,1,99,130
4000266,1,76,103
4000267,1,86,118
4000268,1,87,116
4000269,1,91,122
4000270,1,103,133
4000271,1,41,70
4000272,1,47,77
4000273,1,56,87
4000274,1,45,73
4000275,1,78,108
4000276,1,71,103
4000277,1,155,185
4000999,1,78,108
5000000,1,52,86
5000001,1,58,89
5000002,1,35,68
5000003,1,51,85
5000004,1,50,81
5000005,1,44,74
5000006,1,37,64
5000007,1,50,79
5000008,1,31,63
5000009,1,76,107
5000010,1,41,72
5000011,1,19,47
5000012,1,45,76
5000013,1,58,88
5000014,1,58,88
5000015,1,52,84
5000016,1,76,110
5000017,1,57,84
5000018,1,59,90
5000019,1,64,94
5000020,1,63,93
5000021,1,49,81
5000022,1,55,86
5000024,1,80,114
5000025,1,70,101
5000026,1,44,77
5000027,1,49,79
5000029,1,49,80
5000030,1,43,76
5000031,1,39,65
5000032,1,74,112
5000033,1,56,88
5000034,1,67,96
5000035,1,59,88
5000036,1,51,79
5000037,1,62,90
5000038,1,59,88
5000039,1,53,83
5000040,1,36,64
5000041,1,49,79
5000042,1,57,86
5000043,1,61,92
5000044,1,45,74
5000045,1,61,91
5000046,1,50,78
5000047,1,54,86
5000048,1,63,90
5000049,1,63,92
5000050,1,62,93
5000051,1,57,87
5000052,1,53,83
5000053,1,32,59
5000054,1,30,59
5000055,1,53,82
5000056,1,28,53
5000057,1,28,56
5000058,1,46,74
5000059,1,41,72
5000060,1,58,93
5000061,1,46,75
5000063,1,44,78
5000065,1,45,72
5000066,1,64,95
5000067,1,47,78
5000068,1,62,93
5000069,1,38,69
5000070,1,41,74
5000071,1,52,82
5000072,1,41,74
5000074,1,33,62
5000075,1,45,73
5000078,1,49,78
5000079,1,41,71
5000080,1,62,95
5000081,1,64,101
5000082,1,33,65
5000083,1,56,84
5000084,1,43,75
5000085,1,50,83
5000087,1,62,94
5000088,1,40,69
5000089,1,58,87
6000104,1,37,65
6000208,1,96,127
6000416,1,36,65
6000520,1,31,60
6000624,1,61,94
6001107,1,53,80
6001315,1,54,84
6001419,1,81,111
6001523,1,42,72
6001627,1,50,75
6001731,1,58,81
6001835,1,58,89
6001939,1,38,68
6002318,1,44,75
6002422,1,17,45
6002526,1,66,95
6002630,1,21,48
6002942,1,75,106
6003321,1,33,60
6003425,1,28,51
6003529,1,56,86
6004220,1,35,65
6004636,1,59,89
6004948,1,46,78
6005015,1,27,56
6005119,1,29,58
6005431,1,20,49
6005535,1,12,38
6005639,1,19,47
6005743,1,42,71
6005847,1,48,70
6005951,1,47,77
6006850,1,25,54
6006954,1,55,85
6007021,1,18,44
6007125,1,24,51
6007229,1,28,54
6007333,1,50,78
6007437,1,43,73
6007541,1,14,44
6007645,1,30,61
6007749,1,25,53
6008024,1,36,68
6008128,1,46,73
6008232,1,65,90
6008336,1,39,67
6008440,1,59,87
6008648,1,55,83
6008752,1,24,55
6008960,1,54,83
6009131,1,34,58
6009547,1,52,76
6009651,1,60,90
6009755,1,31,59
6009859,1,53,83
6010002,1,42,68
6010210,1,68,97
6010314,1,36,61
6010418,1,51,80
6010626,1,65,94
6010730,1,47,76
6010834,1,60,90
6010938,1,47,77
6011109,1,41,67
6011213,1,39,68
6011317,1,51,82
6011525,1,36,68
6011941,1,31,59
6012008,1,36,62
6012112,1,46,73
6012320,1,22,55
6012424,1,23,50
6012528,1,38,66
6012632,1,36,65
6012840,1,28,55
6013115,1,11,40
6013219,1,53,79
6013427,1,32,65
6013635,1,28,56
6013739,1,30,57
6013843,1,23,49
6013947,1,25,53
6014118,1,25,54
6014326,1,45,72
6014534,1,60,91
6014638,1,45,75
6014742,1,33,66
6014846,1,44,73
6014950,1,47,72
6015121,1,59,93
6015225,1,51,82
6015329,1,26,55
6015433,1,35,69
6015537,1,11,33
6015641,1,40,69
6015745,1,30,56
6015849,1,35,68
6015953,1,21,46
6016020,1,45,73
6016124,1,47,75
6016228,1,29,58
6016436,1,30,60
6016540,1,39,68
6016644,1,24,46
6016852,1,29,55
6016956,1,44,76
6017023,1,35,67
6017127,1,25,50
6017439,1,47,73
6017647,1,43,73
6017751,1,41,76
6017855,1,35,64
6017959,1,30,66
6018026,1,38,68
6018130,1,27,57
6018234,1,40,67
6018338,1,37,69
6018650,1,33,61
6018754,1,41,65
6018858,1,54,86
6018962,1,7,29
6019029,1,1,30
6019133,1,16,46
6019341,1,20,53
6019445,1,45,73
6019549,1,13,38
6019757,1,39,70
6019861,1,29,58
6019965,1,29,60
6020108,1,35,69
6020212,1,57,89
6020316,1,22,52
6020420,1,38,67
6020524,1,42,72
6020628,1,40,73
6020732,1,44,74
6020836,1,16,44
6020940,1,47,81
6021007,1,39,69
6021111,1,54,88
6021215,1,42,73
6021319,1,38,68
6021423,1,28,56
6021527,1,37,67
6021631,1,51,81
6021735,1,55,87
6021839,1,53,84
6021943,1,42,73
6022010,1,37,66
6022114,1,24,55
6022218,1,39,64
6022322,1,30,61
6022426,1,27,58
6022738,1,45,75
6022842,1,24,49
6022946,1,46,76
6023013,1,21,49
6023117,1,16,45
6023221,1,38,68
6023533,1,54,82
6023637,1,37,65
6023741,1,57,93
6023845,1,50,77
6023949,1,52,83
6024016,1,31,60
6024120,1,22,52
6024224,1,40,66
6024328,1,37,66
6024536,1,39,70
6024640,1,37,69
6024744,1,21,50
6024848,1,39,67
6024952,1,1,30
6025019,1,34,65
6025123,1,43,70
6025227,1,21,52
6025331,1,83,112
6050114,1,63,95
6050218,1,17,41
6050322,1,35,66
6050426,1,23,47
6050530,1,20,49
6050634,1,13,38
6050738,1,63,92
6050842,1,111,138
6051949,1,62,92
6052120,1,74,103
6052328,1,68,90
6052432,1,51,78
6052536,1,16,44
6053019,1,66,92
6053123,1,55,84
6053227,1,76,104
6053643,1,60,90
6053747,1,27,55
6053851,1,34,64
6053955,1,31,63
6054230,1,31,60
6054334,1,39,67
6054438,1,26,56
6054646,1,13,40
6054750,1,33,60
6054854,1,32,61
6055649,1,35,67
6055753,1,40,73
6055961,1,22,48
6056028,1,49,80
6056132,1,23,52
6056236,1,24,53
6056444,1,42,69
6056548,1,33,56
6056652,1,40,60
6056860,1,47,75
6057031,1,63,94
6057135,1,56,80
6057551,1,33,62
6057655,1,49,78
6057759,1,21,49
6058034,1,43,73
6058138,1,61,90
6058242,1,29,51
6058346,1,36,64
6058450,1,48,77
6058554,1,80,107
6058762,1,50,77
6058866,1,46,71
6059037,1,28,58
6059141,1,45,69
6059245,1,33,60
6059453,1,37,59
6059557,1,56,84
6059661,1,20,53
6059765,1,32,62
6060324,1,36,61
6060532,1,65,94
6060636,1,45,72
6060740,1,36,63
6060844,1,52,79
6061015,1,35,64
6061119,1,60,92
6061431,1,41,68
6061535,1,58,89
6062018,1,33,63
6062122,1,37,66
6062226,1,22,52
6062538,1,27,56
6062746,1,63,93
6062850,1,41,63
6062954,1,33,61
6063333,1,26,55
6063541,1,38,66
6063645,1,30,59
6063749,1,41,74
6063853,1,45,70
6063957,1,18,40
6064024,1,43,70
6064128,1,35,64
6064336,1,37,63
6064648,1,7,37
6064752,1,27,56
6064960,1,31,58
6065131,1,33,62
6065235,1,27,58
6065339,1,33,64
6065443,1,25,54
6065547,1,34,65
6065859,1,28,57
6065963,1,31,61
6066030,1,27,56
6066134,1,30,54
6066238,1,25,55
6066342,1,27,50
6066446,1,29,54
6066550,1,38,66
6066654,1,27,55
6066758,1,12,41
6066862,1,45,73
6066966,1,38,67
6067033,1,41,74
6067137,1,20,47
6067241,1,22,48
6067345,1,29,52
6067449,1,73,101
6067657,1,56,85
6067865,1,49,77
6068036,1,34,61
6068244,1,13,42
6068452,1,24,48
6068556,1,37,67
6068660,1,45,73
6068764,1,8,36
6068868,1,20,49
6069039,1,23,54
6069143,1,41,60
6069247,1,43,73
6069351,1,41,71
6069663,1,42,71
6069767,1,34,60
6069871,1,27,57
6069975,1,25,52
6070118,1,36,61
6070222,1,24,52
6070534,1,21,52
6070638,1,38,68
6070742,1,41,71
6070846,1,44,77
6070950,1,44,71
6071017,1,48,76
6071225,1,37,66
6071329,1,93,120
6071433,1,37,64
6071641,1,43,73
6071745,1,53,84
6071849,1,33,59
6071953,1,38,68
6072332,1,31,59
6072436,1,35,63
6072540,1,23,48
6072644,1,19,42
6073127,1,48,76
6073335,1,53,84
6073439,1,31,58
6073543,1,33,63
6073647,1,31,58
6073751,1,29,57
6074026,1,23,52
6074130,1,28,58
6074234,1,46,75
6074338,1,23,50
6074442,1,24,50
6074546,1,57,91
6100521,1,33,60
6100625,1,37,64
6100729,1,34,61
6100833,1,47,78
6101212,1,37,67
6101628,1,33,61
6101732,1,40,71
6101836,1,27,58
6101940,1,28,54
6102007,1,32,57
6102111,1,32,62
6102215,1,28,56
6102319,1,27,51
6102423,1,20,50
6102527,1,27,55
6102631,1,34,58
6102839,1,23,52
6103114,1,49,77
6103218,1,53,82
6103322,1,28,56
6103426,1,32,62
6103738,1,34,63
6104013,1,37,65
6104221,1,53,81
6104533,1,28,56
6104637,1,33,65
6104741,1,55,86
6104845,1,29,56
6104949,1,44,71
6105016,1,32,57
6105120,1,14,42
6105640,1,21,50
6105744,1,15,42
6105848,1,40,69
6105952,1,5,31
6106019,1,31,56
6106123,1,54,81
6106227,1,30,59
6106331,1,35,66
6106435,1,21,49
6106539,1,27,53
6106643,1,25,54
6106747,1,27,56
6107022,1,24,48
6107126,1,30,59
6107230,1,30,59
6107334,1,21,50
6107438,1,25,54
6107542,1,25,54
6107958,1,45,76
6108857,1,34,64
6108961,1,29,59
6109028,1,34,63
6109132,1,36,66
6109236,1,25,52
6109444,1,35,63
6110523,1,53,83
6110731,1,56,81
6110835,1,72,99
6110939,1,58,82
6111006,1,87,117
6111318,1,6,35
6111422,1,57,89
6111526,1,36,67
6111630,1,19,44
6111838,1,30,58
6111942,1,18,46
6112113,1,42,72
6112217,1,22,49
6112321,1,23,52
6112425,1,40,68
6112529,1,32,60
6112633,1,54,85
6112841,1,33,58
6113012,1,43,73
6113116,1,51,75
6113220,1,28,56
6113324,1,17,46
6113428,1,37,63
6113532,1,42,74
6113636,1,31,59
6113740,1,41,71
6114639,1,30,59
6114847,1,33,60
6114951,1,56,87
6115018,1,32,59
6115122,1,39,68
6115226,1,25,53
6115330,1,51,79
6115434,1,18,49
6115642,1,36,62
6115746,1,12,40
6116021,1,33,64
6116125,1,24,52
6116229,1,25,55
6116541,1,34,64
6116853,1,35,64
6116957,1,34,66
6117024,1,19,48
6117128,1,29,60
6117232,1,20,48
6117336,1,28,60
6117440,1,39,69
6117544,1,36,67
6117648,1,33,64
6117752,1,33,66
6117960,1,58,88
6118027,1,42,73
6118131,1,81,107
6118235,1,66,97
6118339,1,17,40
6118443,1,59,90
6118547,1,66,97
6118651,1,19,50
6118755,1,51,75
6119030,1,60,90
6119134,1,34,64
6119238,1,49,78
6119446,1,41,78
6119550,1,51,82
6119654,1,29,55
6119758,1,42,73
6119862,1,40,70
6119966,1,52,80
6120005,1,42,69
6120109,1,53,85
6120317,1,7,36
6120733,1,69,99
6120837,1,26,55
6120941,1,36,61
6121008,1,18,41
6121112,1,29,60
6121320,1,15,49
6121632,1,45,76
6121840,1,46,77
6121944,1,44,73
6122115,1,51,82
6122219,1,35,60
6122323,1,47,67
6122427,1,26,54
6122739,1,19,46
6122843,1,13,37
6122947,1,27,57
6123014,1,30,60
6123118,1,26,53
6123222,1,29,58
6123430,1,16,43
6123534,1,15,37
6123638,1,17,38
6123950,1,22,51
6124017,1,44,74
6124121,1,31,58
6124433,1,35,66
6124537,1,46,77
6124641,1,20,48
6124745,1,44,74
6124953,1,44,77
6125020,1,12,39
6125124,1,30,58
6125332,1,35,66
6125436,1,15,41
6125540,1,31,62
6125644,1,33,63
6125748,1,28,60
6125956,1,39,67
6126335,1,28,55
6126439,1,46,72
6126751,1,41,71
6126855,1,41,72
6126959,1,42,70
6127026,1,32,62
6127130,1,22,48
6127234,1,20,47
6127338,1,24,55
6127442,1,30,58
6127546,1,34,62
6127650,1,19,46
6127754,1,45,72
6127858,1,22,53
6127962,1,34,61
6128029,1,31,61
6128133,1,23,52
6128237,1,36,61
6128341,1,27,54
6128549,1,36,64
6128653,1,25,51
6128757,1,32,66
6128861,1,45,76
6128965,1,43,71
6129032,1,20,50
6129136,1,49,73
6129240,1,30,55
6129344,1,34,64
6129448,1,75,114
6129552,1,35,68
6129760,1,24,52
6130215,1,32,59
6130527,1,28,54
6130631,1,29,58
6130735,1,57,84
6130839,1,39,67
6130943,1,19,51
6131010,1,52,83
6131322,1,25,53
6131426,1,10,36
6131530,1,17,44
6131634,1,53,84
6132221,1,23,45
6132429,1,37,65
6132949,1,22,49
6133016,1,48,77
6133120,1,21,50
6133224,1,46,74
6133328,1,30,63
6133640,1,24,49
6133744,1,41,70
6133848,1,31,59
6133952,1,57,88
6134123,1,119,154
6134331,1,47,75
6134435,1,30,59
6134539,1,34,59
6134851,1,25,54
6134955,1,37,69
6135022,1,26,59
6135438,1,36,62
6135542,1,30,60
6135646,1,37,63
6135750,1,31,62
6135854,1,42,71
6135958,1,40,70
6136025,1,38,68
6136129,1,35,64
6136233,1,29,61
6136337,1,27,57
6136441,1,29,57
6136545,1,36,62
6136649,1,22,46
6136753,1,17,48
6136857,1,45,71
6137132,1,36,67
6137236,1,35,66
6137340,1,23,55
6137444,1,30,60
6137756,1,36,65
6137860,1,22,48
6137964,1,27,57
6138031,1,32,64
6138135,1,24,54
6138239,1,38,67
6138343,1,46,76
6138447,1,39,68
6138551,1,42,70
6138655,1,18,47
6138759,1,33,61
6138863,1,33,61
6138967,1,17,45
6139034,1,35,67
6139138,1,36,66
6139450,1,17,48
6139554,1,19,48
6139658,1,18,47
6139762,1,31,60
6139866,1,20,46
6139970,1,41,71
6140009,1,25,58
6150115,1,63,90
6150323,1,59,89
6150531,1,29,57
6150635,1,41,69
6150739,1,26,53
6151014,1,26,52
6151118,1,36,56
6151222,1,25,55
6151326,1,23,52
6151430,1,7,33
6151534,1,43,76
6151638,1,28,60
6151742,1,40,68
6151846,1,38,65
6152121,1,66,98
6152433,1,56,88
6152537,1,24,53
6152641,1,33,65
6152745,1,48,76
6152849,1,38,63
6153020,1,31,59
6153436,1,48,78
6153540,1,28,57
6153748,1,76,103
6153956,1,45,72
6154023,1,45,74
6154127,1,49,77
6154231,1,69,99
6154335,1,66,93
6154751,1,26,53
6154855,1,43,72
6154959,1,35,60
6155026,1,47,74
6155130,1,51,81
6155234,1,48,76
6155338,1,26,53
6155442,1,33,65
6155546,1,18,43
6155650,1,31,60
6155962,1,65,95
6156029,1,29,60
6156237,1,27,57
6156341,1,38,65
6156445,1,20,45
6156549,1,33,61
6156653,1,27,56
6156757,1,27,56
6157136,1,50,82
6157240,1,26,55
6157344,1,41,73
6157448,1,34,63
6157864,1,28,57
6157968,1,49,79
6158035,1,24,52
6158347,1,9,37
6158659,1,29,58
6158763,1,33,58
6158867,1,25,54
6158971,1,30,59
6159038,1,22,49
6159142,1,23,44
6159246,1,52,75
6159350,1,35,66
6159454,1,26,50
6159558,1,34,64
6159974,1,49,81
6160013,1,35,66
6160117,1,33,62
6160221,1,44,72
6160325,1,33,58
6160637,1,30,60
6160741,1,24,53
6161016,1,20,46
6161224,1,43,76
6161328,1,40,67
6161432,1,26,55
6161536,1,26,50
6161640,1,32,61
6161744,1,35,62
6161848,1,38,70
6161952,1,39,70
6162019,1,45,73
6162123,1,64,91
6162435,1,29,61
6162539,1,35,63
6162643,1,21,50
6163022,1,36,70
6163126,1,16,44
6163230,1,35,68
6163542,1,15,45
6163646,1,3,28
6163750,1,39,60
6163958,1,15,38
6164337,1,29,56
6164441,1,23,49
6164545,1,30,59
6164649,1,25,53
6164753,1,39,70
6164857,1,41,68
6164961,1,65,95
6165132,1,77,106
6165236,1,70,102
6165340,1,64,91
6165444,1,50,82
6165548,1,37,66
6165652,1,41,69
6165756,1,30,57
6165860,1,48,78
6165964,1,25,53
6166031,1,32,63
6166135,1,7,37
6166239,1,28,49
6166343,1,18,42
6166447,1,48,80
6166655,1,46,75
6166759,1,35,63
6166863,1,41,68
6166967,1,28,61
6167034,1,27,55
6167138,1,37,66
6167346,1,42,73
6167450,1,45,77
6167554,1,25,51
6167866,1,23,53
6167970,1,51,82
6168037,1,54,80
6168141,1,22,48
6168245,1,33,62
6168349,1,26,51
6168453,1,28,62
6168557,1,30,57
6168973,1,20,46
6169040,1,12,32
6169248,1,28,59
6169352,1,53,83
6169456,1,41,71
6169560,1,36,65
6169664,1,22,52
6169768,1,41,72
6170015,1,45,77
6170119,1,46,75
6170431,1,39,71
6170535,1,29,59
6170639,1,34,59
6170743,1,12,35
6170951,1,57,79
6171018,1,24,52
6171122,1,28,55
6171226,1,33,59
6171330,1,29,58
6171434,1,18,45
6171538,1,41,71
6171746,1,32,62
6171954,1,14,43
6172541,1,29,54
6172853,1,30,57
6172957,1,36,66
6173024,1,20,40
6173648,1,40,62
6173752,1,23,45
6173856,1,30,60
6173960,1,30,58
6174027,1,22,49
6174131,1,37,65
6174235,1,44,76
6174339,1,45,70
6174443,1,39,69
6174547,1,51,81
6174651,1,23,55
6174755,1,40,64
6175030,1,32,57
6175134,1,28,54
6175238,1,36,64
6175342,1,15,44
6175550,1,44,72
6175862,1,37,65
6175966,1,41,72
6176033,1,26,54
6176137,1,36,58
6176449,1,34,64
6176553,1,11,38
6176761,1,34,58
6176865,1,21,43
6176969,1,30,60
6177036,1,33,62
6177140,1,30,60
6177244,1,20,48
6177348,1,27,60
6177452,1,17,40
6177556,1,14,37
6177660,1,45,75
6177972,1,39,71
6178039,1,40,71
6178143,1,25,51
6178247,1,36,66
6178351,1,36,66
6178455,1,20,50
6178559,1,40,72
6178663,1,34,64
6178767,1,33,63
6178871,1,39,72
6178975,1,53,87
6179042,1,42,70
6179146,1,30,60
6179250,1,26,56
6179354,1,22,53
6179458,1,46,76
6179562,1,10,38
6179666,1,29,59
6179770,1,31,64
6200314,1,66,98
6200418,1,52,86
6200522,1,34,59
6200626,1,36,67
6200730,1,30,58
6201005,1,44,73
6201109,1,53,83
6201213,1,37,63
6201317,1,48,77
6201421,1,29,56
6201525,1,36,67
6201629,1,33,62
6201733,1,49,79
6201837,1,43,69
6202112,1,35,67
6202424,1,28,57
6202528,1,31,62
6203323,1,11,42
6203531,1,44,74
6203739,1,26,54
6203843,1,56,86
6204118,1,45,73
6204222,1,35,64
6204326,1,44,74
6204638,1,34,63
6204742,1,18,40
6204846,1,28,55
6204950,1,39,67
6205017,1,33,59
6205225,1,23,50
6205329,1,32,56
6205433,1,41,70
6205537,1,25,53
6205641,1,41,71
6205745,1,35,62
6205953,1,40,71
6206020,1,48,80
6206124,1,37,65
6206228,1,32,61
6206332,1,29,56
6206436,1,50,83
6206644,1,25,48
6206748,1,17,46
6207127,1,32,61
6207231,1,17,46
6207335,1,24,55
6207439,1,30,57
6207647,1,21,42
6207751,1,20,47
6207855,1,10,32
6208026,1,33,62
6208338,1,36,68
6208442,1,59,94
6208650,1,34,61
6208754,1,37,65
6208858,1,24,54
6208962,1,26,54
6209029,1,40,67
6209133,1,38,67
6209341,1,32,64
6209445,1,23,53
6209549,1,35,66
6209653,1,34,66
6209861,1,39,67
6209965,1,25,54
6210004,1,18,43
6210108,1,21,52
6210212,1,22,49
6210316,1,49,79
6210628,1,30,54
6210732,1,35,62
6210836,1,35,56
6210940,1,39,66
6211111,1,38,67
6211215,1,40,70
6211319,1,32,59
6211423,1,42,75
6212426,1,37,65
6212738,1,49,75
6212842,1,48,77
6212946,1,34,63
6213013,1,48,71
6213117,1,50,81
6213221,1,36,63
6213325,1,52,82
6213533,1,51,78
6213637,1,25,48
6213741,1,48,78
6213845,1,26,52
6213949,1,28,57
6214016,1,39,66
6214120,1,15,44
6214224,1,21,46
6214328,1,16,45
6214536,1,55,77
6214848,1,41,67
6214952,1,24,54
6215019,1,26,55
6215123,1,7,33
6215227,1,31,59
6215331,1,36,66
6215435,1,32,59
6215539,1,31,60
6215643,1,26,57
6215851,1,22,48
6215955,1,43,73
6216126,1,26,53
6216230,1,30,59
6216334,1,32,60
6216438,1,44,75
6216542,1,41,71
6216646,1,29,56
6216854,1,31,57
6217129,1,39,68
6217337,1,22,53
6217649,1,54,88
6217753,1,20,50
6217857,1,26,55
6217961,1,31,60
6218028,1,33,62
6218132,1,25,53
6218236,1,11,39
6218340,1,61,86
6218444,1,34,64
6218548,1,33,58
6218652,1,10,34
6218756,1,23,49
6218860,1,24,55
6218964,1,38,60
6219031,1,11,42
6219135,1,24,54
6219239,1,28,56
6219343,1,36,66
6219551,1,28,55
6219655,1,42,71
6219759,1,39,70
6219967,1,48,76
6220006,1,37,65
6220110,1,33,66
6220318,1,30,59
6220422,1,26,55
6220526,1,24,52
6220630,1,25,55
6220734,1,40,70
6220838,1,49,79
6221009,1,66,90
6221113,1,41,72
6221217,1,100,129
6221321,1,46,76
6221425,1,42,70
6221529,1,32,65
6221633,1,37,65
6221737,1,43,71
6221841,1,23,52
6221945,1,11,41
6222012,1,30,59
6222116,1,37,64
6222220,1,36,62
6222324,1,38,68
6222532,1,70,101
6222948,1,48,82
6223015,1,56,85
6223119,1,20,48
6223223,1,31,59
6223327,1,111,140
6223431,1,24,51
6223639,1,19,45
6223743,1,42,67
6223847,1,34,64
6223951,1,41,74
6224122,1,29,60
6224330,1,21,50
6224642,1,24,52
6224746,1,45,74
6224850,1,40,72
6224954,1,40,71
6225125,1,89,118
6225229,1,51,78
6225333,1,32,64
6225437,1,44,76
6225541,1,54,96
6225645,1,30,62
6225749,1,26,54
6225853,1,22,49
6226024,1,33,58
6226128,1,17,48
6226440,1,26,53
6226544,1,31,57
6226648,1,32,66
6226856,1,28,57
6226960,1,29,58
6227027,1,28,55
6227235,1,36,64
6227339,1,39,67
6227443,1,36,65
6227547,1,15,41
6250116,1,32,60
6250220,1,38,64
6250324,1,37,68
6250428,1,45,70
6250532,1,55,82
6250636,1,55,88
6250740,1,34,60
6250844,1,20,43
6250948,1,41,68
6251015,1,28,53
6251223,1,63,92
6251327,1,24,54
6251431,1,23,49
6251535,1,39,68
6251743,1,26,51
6251847,1,38,68
6251951,1,31,58
6252018,1,17,46
6252330,1,26,57
6252434,1,28,58
6252538,1,33,62
6252642,1,49,78
6252746,1,34,67
6254024,1,38,70
6254128,1,42,69
6254648,1,28,58
6254752,1,22,48
6254856,1,40,67
6254960,1,34,62
6255027,1,23,49
6255131,1,36,68
6255235,1,37,65
6255339,1,32,62
6255443,1,31,60
6255651,1,28,50
6255755,1,40,73
6255859,1,42,71
6255963,1,39,69
6256030,1,36,66
6256134,1,46,74
6256238,1,35,63
6256342,1,27,56
6256446,1,24,53
6256550,1,55,83
6256654,1,47,77
6256758,1,33,63
6256862,1,28,55
6256966,1,43,65
6257033,1,29,57
6257137,1,34,56
6257241,1,29,57
6257345,1,42,65
6257449,1,41,65
6257553,1,30,58
6257657,1,37,65
6257969,1,29,61
6258036,1,48,77
6258140,1,42,74
6258244,1,41,69
6258348,1,22,52
6258452,1,32,60
6258556,1,36,65
6258868,1,37,67
6259039,1,31,62
6259143,1,39,65
6259247,1,25,49
6259663,1,32,62
6259871,1,25,52
6259975,1,22,51
6260014,1,33,61
6260326,1,34,61
6260950,1,44,72
6261121,1,23,55
6261433,1,19,49
6261537,1,25,50
6261641,1,21,48
6261849,1,31,57
6262124,1,17,44
6262228,1,38,69
6262332,1,26,53
6262436,1,55,87
6262540,1,38,68
6263023,1,26,54
6263127,1,25,53
6263335,1,28,52
6263439,1,34,59
6263543,1,41,71
6263647,1,41,68
6263751,1,26,56
6263855,1,44,77
6263959,1,34,66
6264026,1,37,68
6264130,1,25,51
6264234,1,15,42
6264338,1,28,56
6264442,1,33,60
6264546,1,24,55
6264650,1,61,92
6264754,1,39,67
6265029,1,32,61
6265133,1,37,69
6265237,1,42,71
6265341,1,57,85
6265445,1,42,70
6265653,1,29,59
6266032,1,22,47
6266240,1,26,51
6266344,1,34,61
6266656,1,36,60
6266760,1,30,55
6266864,1,35,62
6266968,1,58,86
6267139,1,36,64
6267243,1,17,44
6267347,1,47,77
6267659,1,50,80
6267867,1,19,44
6267971,1,44,74
6268038,1,49,83
6268142,1,33,59
6268246,1,27,52
6268350,1,46,74
6268454,1,31,61
6268662,1,33,59
6268766,1,34,66
6268870,1,32,62
6268974,1,19,52
6269041,1,34,61
6269145,1,37,70
6269249,1,49,75
6269353,1,27,57
6269457,1,43,70
6269561,1,39,70
6269665,1,40,69
6269769,1,32,55
6269873,1,31,59
6269977,1,26,54
6270120,1,47,81
6270432,1,33,66
6270536,1,18,46
6270640,1,19,48
6270744,1,37,68
6270848,1,38,66
6270952,1,45,77
6271019,1,17,35
6271123,1,17,41
6271227,1,21,52
6271435,1,40,74
6271539,1,25,53
6271747,1,24,52
6271851,1,27,59
6272022,1,33,65
6272126,1,29,57
6272334,1,42,71
6272438,1,34,63
6272542,1,22,52
6272646,1,41,76
6272854,1,25,53
6273025,1,30,60
6273129,1,30,60
6273337,1,28,57
6273441,1,37,67
6273545,1,34,64
6273961,1,36,62
6274444,1,27,55
6274652,1,10,38
6274756,1,46,76
6274860,1,38,68
6274964,1,51,82
6275447,1,55,90
6275759,1,27,55
6275863,1,85,111
6275967,1,22,52
6276034,1,50,79
6276138,1,111,138
6276242,1,40,69
6276346,1,29,59
6276450,1,37,68
6276658,1,52,83
6276866,1,41,68
6276970,1,28,57
6277141,1,23,51
6277245,1,41,67
6277349,1,28,59
6277453,1,27,52
6277557,1,45,73
6277661,1,29,56
6277765,1,40,68
6277869,1,32,63
6277973,1,32,60
6278040,1,24,54
6300107,1,49,79
6300315,1,41,76
6300419,1,24,55
6300523,1,37,67
6300627,1,44,72
6300835,1,19,45
6300939,1,38,67
6301006,1,31,60
6301110,1,33,62
6301214,1,53,84
6301318,1,46,78
6301422,1,46,75
6301526,1,32,60
6301630,1,45,72
6301734,1,16,42
6302009,1,22,49
6302113,1,35,65
6302217,1,31,59
6302425,1,4,34
6302529,1,48,77
6302633,1,55,84
6302737,1,35,64
6302841,1,46,77
6302945,1,35,62
6303012,1,27,54
6303116,1,52,78
6303220,1,48,76
6303324,1,57,84
6303428,1,39,64
6303532,1,46,74
6303636,1,44,72
6303740,1,22,50
6303844,1,27,54
6303948,1,54,74
6304015,1,44,74
6304119,1,39,65
6304223,1,27,57
6304327,1,49,79
6304431,1,27,58
6304535,1,42,72
6304639,1,24,51
6304743,1,40,67
6304847,1,25,46
6304951,1,48,76
6305018,1,28,58
6305122,1,49,79
6305226,1,36,70
6305434,1,44,74
6305538,1,33,62
6305642,1,28,59
6305746,1,43,78
6305850,1,46,78
6305954,1,45,73
6306021,1,30,61
6306125,1,20,48
6306333,1,26,54
6306437,1,27,56
6306541,1,23,50
6306749,1,17,35
6307232,1,24,48
6307336,1,9,37
6307440,1,27,57
6307544,1,22,49
6307648,1,15,42
6307752,1,21,51
6307856,1,36,65
6307960,1,54,85
6308027,1,27,58
6308131,1,20,47
6308339,1,24,50
6308443,1,43,72
6308547,1,24,54
6308651,1,40,65
6308755,1,45,65
6308859,1,41,67
6308963,1,26,54
6309030,1,51,81
6309134,1,24,49
6309238,1,35,63
6309342,1,26,56
6309446,1,25,53
6309758,1,52,82
6309862,1,32,60
6309966,1,38,66
6310109,1,23,45
6310213,1,54,80
6310317,1,30,56
6310421,1,17,46
6310525,1,35,65
6310629,1,35,58
6310733,1,56,80
6310941,1,18,37
6311320,1,54,86
6311632,1,37,64
6311736,1,38,69
6311840,1,43,74
6311944,1,40,68
6312115,1,29,61
6312323,1,40,69
6312427,1,40,69
6312531,1,14,37
6312739,1,27,55
6312843,1,32,64
6312947,1,36,65
6313014,1,24,53
6313118,1,33,59
6313222,1,38,68
6313326,1,42,77
6313638,1,55,84
6313742,1,24,53
6313846,1,37,66
6313950,1,33,62
6314017,1,31,57
6314329,1,34,62
6314433,1,21,51
6314537,1,43,74
6314641,1,47,77
6314849,1,41,75
6314953,1,52,84
6315020,1,53,80
6315228,1,25,55
6315332,1,32,57
6315540,1,29,55
6316231,1,33,57
6316335,1,37,64
6316647,1,56,80
6317026,1,25,50
6317130,1,41,71
6317234,1,39,67
6317442,1,35,62
6317650,1,36,65
6317754,1,38,65
6317858,1,26,54
6317962,1,32,58
6318029,1,45,73
6318237,1,25,51
6318341,1,47,73
6318653,1,36,63
6318757,1,29,57
6318861,1,36,64
6318965,1,36,71
6319136,1,43,73
6319240,1,43,72
6319344,1,37,68
6319448,1,44,74
6319552,1,47,76
6319656,1,46,75
6319760,1,24,52
6319864,1,33,63
6319968,1,26,54
6320007,1,35,66
6320111,1,27,58
6320215,1,25,57
6320319,1,33,65
6320423,1,19,49
6320527,1,20,47
6320631,1,41,73
6320839,1,34,65
6320943,1,25,51
6321010,1,26,58
6321114,1,22,52
6321218,1,27,58
6321322,1,60,88
6321426,1,67,101
6321530,1,23,55
6321634,1,30,56
6321738,1,29,63
6322013,1,2,28
6322117,1,66,94
6322429,1,40,73
6322637,1,32,59
6322741,1,33,61
6322845,1,32,65
6322949,1,33,62
6323016,1,54,82
6323120,1,19,45
6323224,1,38,70
6323328,1,47,76
6323432,1,37,65
6323536,1,35,64
6323744,1,39,66
6323848,1,37,63
6323952,1,36,64
6324019,1,27,57
6324123,1,28,58
6324227,1,73,109
6324331,1,31,62
6324435,1,19,49
6324539,1,63,102
6324643,1,32,59
6324747,1,33,62
6324851,1,38,64
6324955,1,31,53
6325022,1,39,67
6325126,1,30,58
6325750,1,34,64
6325854,1,21,51
6325958,1,32,64
6350117,1,34,62
6350221,1,31,61
6350429,1,35,65
6350533,1,39,65
6350637,1,59,88
6350741,1,26,57
6350845,1,27,53
6351016,1,53,82
6351120,1,28,55
6351224,1,31,56
6351328,1,31,55
6351640,1,9,30
6351744,1,31,60
6351848,1,46,72
6352019,1,35,62
6352435,1,41,72
6352539,1,26,54
6352643,1,25,52
6353126,1,23,51
6353230,1,39,66
6353334,1,34,59
6353438,1,35,61
6353542,1,44,74
6353646,1,31,59
6353750,1,26,53
6353854,1,29,52
6353958,1,51,76
6354025,1,40,67
6354129,1,44,70
6354233,1,24,51
6354337,1,35,66
6354441,1,35,62
6354545,1,41,68
6354649,1,36,64
6354753,1,68,98
6354857,1,38,70
6354961,1,42,71
6355028,1,42,73
6355132,1,20,47
6355548,1,33,63
6355652,1,28,60
6355756,1,34,65
6355964,1,65,90
6356135,1,51,86
6356239,1,41,69
6356343,1,33,61
6356447,1,47,78
6356655,1,27,54
6356759,1,19,46
6356967,1,15,43
6357034,1,31,59
6357138,1,29,56
6357242,1,28,58
6357346,1,28,56
6357450,1,37,68
6357554,1,46,76
6357658,1,39,74
6357762,1,25,56
6357866,1,19,48
6357970,1,19,48
6358037,1,27,56
6358349,1,30,57
6358557,1,25,56
6358765,1,57,87
6358869,1,47,74
6358973,1,33,62
6359040,1,46,69
6359144,1,21,43
6359248,1,29,59
6360119,1,15,42
6360327,1,46,76
6360431,1,26,52
6360535,1,25,54
6360639,1,34,68
6360743,1,48,77
6360847,1,28,55
6360951,1,32,63
6361018,1,30,57
6361122,1,18,45
6361226,1,42,70
6361330,1,50,78
6361434,1,40,71
6361538,1,96,120
6361746,1,52,77
6361850,1,25,48
6361954,1,71,99
6362021,1,48,80
6362125,1,26,54
6362229,1,33,62
6362333,1,57,86
6362437,1,27,54
6362541,1,69,95
6362645,1,23,43
6362749,1,29,54
6362853,1,48,79
6363024,1,50,71
6363128,1,33,61
6363544,1,44,73
6363648,1,50,82
6363752,1,31,58
6363856,1,34,63
6363960,1,19,47
6364027,1,28,60
6364131,1,33,61
6364235,1,30,58
6364443,1,10,37
6364547,1,30,58
6364755,1,34,60
6364859,1,34,68
6364963,1,32,63
6365030,1,59,87
6365134,1,32,64
6365238,1,37,65
6365342,1,42,71
6365446,1,16,39
6365550,1,32,59
6365758,1,47,78
6365862,1,36,63
6365966,1,32,62
6366033,1,44,71
6366137,1,42,72
6366241,1,36,64
6366345,1,40,72
6366449,1,27,58
6366657,1,39,70
6366865,1,20,43
6366969,1,21,49
6367036,1,35,65
6367140,1,35,63
6367244,1,37,61
6367452,1,35,62
6367556,1,38,67
6367660,1,24,54
6367764,1,31,62
6367868,1,50,80
6367972,1,43,74
6368039,1,15,39
6368455,1,36,69
6368559,1,48,77
6368663,1,58,90
6368767,1,17,35
6368871,1,30,55
6368975,1,64,87
6369042,1,42,69
6369146,1,23,50
6369250,1,67,102
6369354,1,43,73
6369666,1,77,105
6369770,1,43,73
6369874,1,36,64
6369978,1,37,67
6370017,1,45,69
6370121,1,33,66
6370225,1,35,63
6370329,1,36,68
6370433,1,39,69
6370537,1,64,96
6370641,1,48,75
6370953,1,34,60
6371020,1,42,70
6371124,1,42,72
6371228,1,41,67
6371332,1,24,49
6371436,1,38,73
6371540,1,20,48
6371644,1,28,60
6371748,1,25,57
6371852,1,22,51
6371956,1,31,65
6372023,1,40,71
6372231,1,27,54
6372335,1,48,78
6372439,1,31,63
6372543,1,34,63
6372855,1,52,87
6372959,1,28,54
6373026,1,29,58
6373130,1,35,66
6373338,1,29,52
6373442,1,16,41
6373546,1,25,54
6373650,1,28,56
6373754,1,39,67
6373962,1,23,53
6374029,1,26,56
6400108,1,35,68
6400628,1,34,62
6400732,1,14,42
6400836,1,30,58
6400940,1,47,76
6401111,1,33,63
6401215,1,28,55
6401319,1,56,90
6401423,1,35,66
6401527,1,27,52
6401631,1,37,58
6401943,1,15,45
6402010,1,36,67
6402322,1,39,70
6402426,1,53,87
6402530,1,32,64
6402634,1,32,61
6402738,1,41,72
6402842,1,27,53
6402946,1,63,89
6403013,1,38,67
6403117,1,45,75
6403221,1,45,77
6403325,1,45,77
6403429,1,36,62
6403533,1,32,62
6403637,1,38,66
6403741,1,35,63
6403845,1,36,67
6403949,1,36,64
6404016,1,39,64
6404120,1,31,61
6404224,1,26,56
6404328,1,27,57
6404432,1,26,55
6404640,1,43,76
6404952,1,44,70
6405019,1,26,55
6405123,1,41,65
6405227,1,32,61
6405331,1,27,58
6405435,1,41,68
6405539,1,23,51
6405643,1,41,70
6405747,1,33,65
6405851,1,38,66
6405955,1,42,71
6406022,1,33,61
6406126,1,38,65
6406230,1,15,40
6406334,1,26,52
6406438,1,31,58
6406542,1,42,65
6406646,1,20,46
6406750,1,25,52
6407025,1,32,65
6407129,1,56,90
6407233,1,37,71
6407337,1,42,74
6407441,1,40,70
6407545,1,33,63
6408028,1,32,59
6408132,1,25,55
6408236,1,19,45
6408340,1,23,51
6408444,1,31,61
6408756,1,27,56
6408860,1,36,68
6408964,1,31,62
6409135,1,24,54
6409239,1,47,76
6409343,1,41,72
6409447,1,16,42
6409551,1,35,61
6409863,1,25,54
6409967,1,42,73
6410006,1,44,75
6410422,1,37,64
6410526,1,28,58
6410630,1,43,73
6410734,1,37,62
6411009,1,16,43
6411113,1,18,44
6411217,1,34,63
6411321,1,27,58
6411425,1,13,38
6411529,1,31,58
6412012,1,38,69
6412116,1,33,61
6412220,1,8,36
6412324,1,39,69
6412428,1,57,85
6412532,1,60,89
6412844,1,27,54
6412948,1,51,80
6413015,1,19,45
6413119,1,39,68
6413223,1,27,54
6413327,1,35,66
6413431,1,37,67
6413535,1,32,59
6413639,1,14,39
6413743,1,33,60
6413847,1,47,80
6413951,1,34,61
6414018,1,37,68
6414122,1,43,70
6414226,1,48,81
6414330,1,31,61
6414538,1,25,50
6414642,1,61,87
6414746,1,39,72
6414850,1,37,65
6414954,1,37,60
6415125,1,31,62
6415229,1,32,63
6415541,1,21,49
6415645,1,27,56
6415853,1,29,58
6415957,1,34,62
6416024,1,48,81
6416128,1,38,65
6416232,1,29,59
6416336,1,16,46
6416544,1,17,46
6416648,1,21,50
6416752,1,33,61
6416856,1,14,43
6416960,1,30,58
6417131,1,35,65
6417235,1,31,60
6417339,1,27,56
6417547,1,30,62
6417651,1,23,50
6417755,1,49,78
6417859,1,28,60
6417963,1,31,60
6418030,1,19,50
6418134,1,33,62
6418238,1,41,70
6418342,1,31,61
6418446,1,31,55
6418550,1,26,51
6418654,1,12,37
6418758,1,53,75
6418862,1,29,60
6418966,1,35,63
6419033,1,31,60
6419137,1,22,54
6419241,1,29,61
6419345,1,29,62
6419449,1,29,58
6419553,1,11,41
6419657,1,37,65
6419761,1,40,69
6419865,1,25,58
6419969,1,31,58
6420008,1,35,64
6420112,1,44,75
6420216,1,35,66
6420424,1,37,65
6420528,1,34,64
6420632,1,45,76
6420736,1,50,78
6420840,1,50,83
6420944,1,34,62
6421011,1,28,59
6421115,1,48,79
6421635,1,37,66
6421739,1,18,49
6421843,1,44,72
6421947,1,29,56
6422014,1,49,79
6422118,1,28,57
6422222,1,22,48
6422430,1,15,44
6422534,1,39,69
6422638,1,46,76
6422742,1,26,51
6450118,1,46,75
6450222,1,35,61
6450326,1,36,64
6450430,1,39,67
6450534,1,36,63
6450638,1,34,57
6450846,1,48,79
6450950,1,28,57
6451017,1,39,71
6451121,1,24,54
6451225,1,28,58
6451433,1,39,61
6451537,1,40,67
6451953,1,32,56
6452020,1,28,55
6452124,1,32,61
6452228,1,25,52
6452332,1,42,70
6452436,1,68,94
6452540,1,45,73
6452748,1,27,55
6452956,1,29,58
6453023,1,47,77
6453127,1,25,56
6453231,1,24,54
6453335,1,16,45
6453439,1,35,64
6453543,1,56,86
6453647,1,27,58
6453751,1,36,64
6453855,1,37,67
6454026,1,30,59
6454130,1,6,28
6454234,1,15,41
6454338,1,9,31
6454442,1,21,49
6454546,1,27,58
6454650,1,33,62
6454754,1,19,48
6454858,1,51,82
6454962,1,23,52
6455029,1,18,46
6455133,1,30,56
6455237,1,40,67
6455341,1,13,41
6455445,1,33,65
6455549,1,26,54
6455653,1,21,52
6455757,1,36,65
6455861,1,42,70
6455965,1,49,81
6456032,1,43,67
6456136,1,36,71
6456240,1,8,38
6456344,1,65,104
6456448,1,26,54
6456552,1,41,73
6456656,1,44,71
6456760,1,47,72
6456864,1,38,65
6456968,1,38,63
6457139,1,24,53
6457243,1,48,77
6457347,1,38,66
6457659,1,24,48
6457763,1,36,57
6457867,1,48,78
6457971,1,31,63
6458246,1,31,58
6458454,1,25,54
6458558,1,33,63
6458662,1,26,56
6458766,1,31,58
6458870,1,41,69
6458974,1,22,51
6459041,1,24,50
6459249,1,24,54
6459353,1,20,51
6459457,1,20,49
6459561,1,27,59
6459665,1,29,59
6459873,1,33,66
6460120,1,34,65
6460224,1,50,76
6460328,1,35,63
6460432,1,44,70
6460848,1,36,64
6460952,1,42,70
6461019,1,51,78
6461123,1,25,51
6461227,1,58,89
6461331,1,48,76
6461435,1,40,67
6461539,1,33,61
6461851,1,25,54
6461955,1,48,76
6462022,1,16,43
6462126,1,32,59
6462230,1,39,67
6462334,1,41,70
6462438,1,48,81
6462542,1,28,56
6462750,1,53,81
6462854,1,41,72
6462958,1,34,62
6463025,1,33,63
6463129,1,32,60
6463233,1,18,45
6463337,1,35,64
6463441,1,29,59
6463545,1,31,55
6463649,1,43,71
6463753,1,28,57
6463857,1,28,56
6463961,1,29,63
6464028,1,35,61
6464236,1,12,42
6464444,1,38,64
6464548,1,30,60
6464652,1,26,56
6464860,1,29,57
6465031,1,24,52
6465135,1,45,78
6465239,1,34,64
6465343,1,42,66
6465551,1,34,66
6465655,1,24,51
6465863,1,28,58
6466138,1,38,71
6466242,1,5,30
6466346,1,16,42
6466450,1,14,42
6466658,1,51,86
6466762,1,33,63
6466866,1,43,76
6466970,1,40,71
6467141,1,13,39
6467245,1,21,51
6467349,1,47,75
6467557,1,115,143
6467661,1,71,103
6467765,1,52,79
6467869,1,57,78
6467973,1,58,90
6468040,1,42,69
6468144,1,45,74
6468248,1,46,75
6468352,1,47,75
6468456,1,49,77
6468560,1,20,48
6468768,1,45,74
6468872,1,26,56
6468976,1,31,62
6469043,1,21,51
6469251,1,28,55
6469355,1,21,49
6469459,1,41,70
6469667,1,42,72
6469771,1,29,59
6469875,1,39,68
6470122,1,35,64
6470226,1,43,72
6470330,1,45,79
6470434,1,50,79
6470538,1,20,51
6470850,1,39,74
6470954,1,26,53
6471125,1,31,59
6471229,1,14,42
6471333,1,27,60
6471437,1,31,62
6471541,1,42,74
9000021,1,36,64
9000023,1,29,60
9000030,1,37,66
9000031,1,71,105
9000033,1,44,79
9000080,1,60,88
9999999,1,66,97
